--
-- PostgreSQL database dump
--

-- Dumped from database version 14.15 (Ubuntu 14.15-0ubuntu0.22.04.1)
-- Dumped by pg_dump version 14.15 (Ubuntu 14.15-0ubuntu0.22.04.1)

SET statement_timeout = 0;
SET lock_timeout = 0;
SET idle_in_transaction_session_timeout = 0;
SET client_encoding = 'UTF8';
SET standard_conforming_strings = on;
SELECT pg_catalog.set_config('search_path', '', false);
SET check_function_bodies = false;
SET xmloption = content;
SET client_min_messages = warning;
SET row_security = off;

SET default_tablespace = '';

SET default_table_access_method = heap;

--
-- Name: auth_group; Type: TABLE; Schema: public; Owner: postgres
--

CREATE TABLE public.auth_group (
    id integer NOT NULL,
    name character varying(150) NOT NULL
);


ALTER TABLE public.auth_group OWNER TO postgres;

--
-- Name: auth_group_id_seq; Type: SEQUENCE; Schema: public; Owner: postgres
--

ALTER TABLE public.auth_group ALTER COLUMN id ADD GENERATED BY DEFAULT AS IDENTITY (
    SEQUENCE NAME public.auth_group_id_seq
    START WITH 1
    INCREMENT BY 1
    NO MINVALUE
    NO MAXVALUE
    CACHE 1
);


--
-- Name: auth_group_permissions; Type: TABLE; Schema: public; Owner: postgres
--

CREATE TABLE public.auth_group_permissions (
    id bigint NOT NULL,
    group_id integer NOT NULL,
    permission_id integer NOT NULL
);


ALTER TABLE public.auth_group_permissions OWNER TO postgres;

--
-- Name: auth_group_permissions_id_seq; Type: SEQUENCE; Schema: public; Owner: postgres
--

ALTER TABLE public.auth_group_permissions ALTER COLUMN id ADD GENERATED BY DEFAULT AS IDENTITY (
    SEQUENCE NAME public.auth_group_permissions_id_seq
    START WITH 1
    INCREMENT BY 1
    NO MINVALUE
    NO MAXVALUE
    CACHE 1
);


--
-- Name: auth_permission; Type: TABLE; Schema: public; Owner: postgres
--

CREATE TABLE public.auth_permission (
    id integer NOT NULL,
    name character varying(255) NOT NULL,
    content_type_id integer NOT NULL,
    codename character varying(100) NOT NULL
);


ALTER TABLE public.auth_permission OWNER TO postgres;

--
-- Name: auth_permission_id_seq; Type: SEQUENCE; Schema: public; Owner: postgres
--

ALTER TABLE public.auth_permission ALTER COLUMN id ADD GENERATED BY DEFAULT AS IDENTITY (
    SEQUENCE NAME public.auth_permission_id_seq
    START WITH 1
    INCREMENT BY 1
    NO MINVALUE
    NO MAXVALUE
    CACHE 1
);


--
-- Name: authtoken_token; Type: TABLE; Schema: public; Owner: postgres
--

CREATE TABLE public.authtoken_token (
    key character varying(40) NOT NULL,
    created timestamp with time zone NOT NULL,
    user_id uuid NOT NULL
);


ALTER TABLE public.authtoken_token OWNER TO postgres;

--
-- Name: courses_app_chapter; Type: TABLE; Schema: public; Owner: postgres
--

CREATE TABLE public.courses_app_chapter (
    id bigint NOT NULL,
    name character varying(255) NOT NULL,
    subject_id uuid NOT NULL,
    description text NOT NULL,
    lecture_note_path character varying(500) NOT NULL
);


ALTER TABLE public.courses_app_chapter OWNER TO postgres;

--
-- Name: courses_app_chapter_id_seq; Type: SEQUENCE; Schema: public; Owner: postgres
--

ALTER TABLE public.courses_app_chapter ALTER COLUMN id ADD GENERATED BY DEFAULT AS IDENTITY (
    SEQUENCE NAME public.courses_app_chapter_id_seq
    START WITH 1
    INCREMENT BY 1
    NO MINVALUE
    NO MAXVALUE
    CACHE 1
);


--
-- Name: courses_app_course; Type: TABLE; Schema: public; Owner: postgres
--

CREATE TABLE public.courses_app_course (
    course_type character varying(100) NOT NULL,
    title character varying(255) NOT NULL,
    description text NOT NULL,
    price numeric(10,2) NOT NULL,
    current_price numeric(10,2) NOT NULL,
    id uuid NOT NULL,
    portions text NOT NULL,
    watch_hours character varying(50) NOT NULL,
    chapters character varying(50) NOT NULL,
    classes character varying(50) NOT NULL,
    studymaterials character varying(50) NOT NULL,
    validity integer NOT NULL,
    content_left_1 text,
    content_left_2 text,
    content_left_3 text,
    content_left_4 text,
    content_right_1 text,
    content_right_2 text,
    content_right_3 text,
    content_right_4 text,
    img character varying(100),
    tests character varying(50) NOT NULL
);


ALTER TABLE public.courses_app_course OWNER TO postgres;

--
-- Name: courses_app_exam; Type: TABLE; Schema: public; Owner: postgres
--

CREATE TABLE public.courses_app_exam (
    id bigint NOT NULL,
    exam_title character varying(255) NOT NULL,
    chapter_id bigint NOT NULL
);


ALTER TABLE public.courses_app_exam OWNER TO postgres;

--
-- Name: courses_app_exam_id_seq; Type: SEQUENCE; Schema: public; Owner: postgres
--

ALTER TABLE public.courses_app_exam ALTER COLUMN id ADD GENERATED BY DEFAULT AS IDENTITY (
    SEQUENCE NAME public.courses_app_exam_id_seq
    START WITH 1
    INCREMENT BY 1
    NO MINVALUE
    NO MAXVALUE
    CACHE 1
);


--
-- Name: courses_app_lecturevideo; Type: TABLE; Schema: public; Owner: postgres
--

CREATE TABLE public.courses_app_lecturevideo (
    id bigint NOT NULL,
    video_title character varying(255) NOT NULL,
    video_path character varying(500) NOT NULL,
    chapter_id bigint NOT NULL
);


ALTER TABLE public.courses_app_lecturevideo OWNER TO postgres;

--
-- Name: courses_app_lecturevideo_id_seq; Type: SEQUENCE; Schema: public; Owner: postgres
--

ALTER TABLE public.courses_app_lecturevideo ALTER COLUMN id ADD GENERATED BY DEFAULT AS IDENTITY (
    SEQUENCE NAME public.courses_app_lecturevideo_id_seq
    START WITH 1
    INCREMENT BY 1
    NO MINVALUE
    NO MAXVALUE
    CACHE 1
);


--
-- Name: courses_app_question; Type: TABLE; Schema: public; Owner: postgres
--

CREATE TABLE public.courses_app_question (
    id integer NOT NULL,
    exam_id integer,
    chapter_id integer,
    question_text text NOT NULL,
    option_a text NOT NULL,
    option_b text NOT NULL,
    option_c text NOT NULL,
    option_d text NOT NULL,
    correct_answer character(1) NOT NULL,
    concept_involved character varying(255),
    solution_text text,
    diagram_image text,
    CONSTRAINT courses_app_questions_correct_answer_check CHECK ((correct_answer = ANY (ARRAY['A'::bpchar, 'B'::bpchar, 'C'::bpchar, 'D'::bpchar]))),
    CONSTRAINT question_ordering CHECK ((id > 0))
);


ALTER TABLE public.courses_app_question OWNER TO postgres;

--
-- Name: courses_app_questions_id_seq; Type: SEQUENCE; Schema: public; Owner: postgres
--

CREATE SEQUENCE public.courses_app_questions_id_seq
    AS integer
    START WITH 1
    INCREMENT BY 1
    NO MINVALUE
    NO MAXVALUE
    CACHE 1;


ALTER TABLE public.courses_app_questions_id_seq OWNER TO postgres;

--
-- Name: courses_app_questions_id_seq; Type: SEQUENCE OWNED BY; Schema: public; Owner: postgres
--

ALTER SEQUENCE public.courses_app_questions_id_seq OWNED BY public.courses_app_question.id;


--
-- Name: courses_app_subject; Type: TABLE; Schema: public; Owner: postgres
--

CREATE TABLE public.courses_app_subject (
    id uuid NOT NULL,
    name character varying(255) NOT NULL,
    course_id uuid NOT NULL,
    type character varying(255) NOT NULL
);


ALTER TABLE public.courses_app_subject OWNER TO postgres;

--
-- Name: courses_app_usercoursedata; Type: TABLE; Schema: public; Owner: postgres
--

CREATE TABLE public.courses_app_usercoursedata (
    id bigint NOT NULL,
    course_id uuid NOT NULL,
    user_id uuid NOT NULL,
    progress integer NOT NULL
);


ALTER TABLE public.courses_app_usercoursedata OWNER TO postgres;

--
-- Name: courses_app_usercoursedata_id_seq; Type: SEQUENCE; Schema: public; Owner: postgres
--

ALTER TABLE public.courses_app_usercoursedata ALTER COLUMN id ADD GENERATED BY DEFAULT AS IDENTITY (
    SEQUENCE NAME public.courses_app_usercoursedata_id_seq
    START WITH 1
    INCREMENT BY 1
    NO MINVALUE
    NO MAXVALUE
    CACHE 1
);


--
-- Name: django_admin_log; Type: TABLE; Schema: public; Owner: postgres
--

CREATE TABLE public.django_admin_log (
    id integer NOT NULL,
    action_time timestamp with time zone NOT NULL,
    object_id text,
    object_repr character varying(200) NOT NULL,
    action_flag smallint NOT NULL,
    change_message text NOT NULL,
    content_type_id integer,
    user_id uuid NOT NULL,
    CONSTRAINT django_admin_log_action_flag_check CHECK ((action_flag >= 0))
);


ALTER TABLE public.django_admin_log OWNER TO postgres;

--
-- Name: django_admin_log_id_seq; Type: SEQUENCE; Schema: public; Owner: postgres
--

ALTER TABLE public.django_admin_log ALTER COLUMN id ADD GENERATED BY DEFAULT AS IDENTITY (
    SEQUENCE NAME public.django_admin_log_id_seq
    START WITH 1
    INCREMENT BY 1
    NO MINVALUE
    NO MAXVALUE
    CACHE 1
);


--
-- Name: django_content_type; Type: TABLE; Schema: public; Owner: postgres
--

CREATE TABLE public.django_content_type (
    id integer NOT NULL,
    app_label character varying(100) NOT NULL,
    model character varying(100) NOT NULL
);


ALTER TABLE public.django_content_type OWNER TO postgres;

--
-- Name: django_content_type_id_seq; Type: SEQUENCE; Schema: public; Owner: postgres
--

ALTER TABLE public.django_content_type ALTER COLUMN id ADD GENERATED BY DEFAULT AS IDENTITY (
    SEQUENCE NAME public.django_content_type_id_seq
    START WITH 1
    INCREMENT BY 1
    NO MINVALUE
    NO MAXVALUE
    CACHE 1
);


--
-- Name: django_migrations; Type: TABLE; Schema: public; Owner: postgres
--

CREATE TABLE public.django_migrations (
    id bigint NOT NULL,
    app character varying(255) NOT NULL,
    name character varying(255) NOT NULL,
    applied timestamp with time zone NOT NULL
);


ALTER TABLE public.django_migrations OWNER TO postgres;

--
-- Name: django_migrations_id_seq; Type: SEQUENCE; Schema: public; Owner: postgres
--

ALTER TABLE public.django_migrations ALTER COLUMN id ADD GENERATED BY DEFAULT AS IDENTITY (
    SEQUENCE NAME public.django_migrations_id_seq
    START WITH 1
    INCREMENT BY 1
    NO MINVALUE
    NO MAXVALUE
    CACHE 1
);


--
-- Name: django_session; Type: TABLE; Schema: public; Owner: postgres
--

CREATE TABLE public.django_session (
    session_key character varying(40) NOT NULL,
    session_data text NOT NULL,
    expire_date timestamp with time zone NOT NULL
);


ALTER TABLE public.django_session OWNER TO postgres;

--
-- Name: django_site; Type: TABLE; Schema: public; Owner: postgres
--

CREATE TABLE public.django_site (
    id integer NOT NULL,
    domain character varying(100) NOT NULL,
    name character varying(50) NOT NULL
);


ALTER TABLE public.django_site OWNER TO postgres;

--
-- Name: django_site_id_seq; Type: SEQUENCE; Schema: public; Owner: postgres
--

ALTER TABLE public.django_site ALTER COLUMN id ADD GENERATED BY DEFAULT AS IDENTITY (
    SEQUENCE NAME public.django_site_id_seq
    START WITH 1
    INCREMENT BY 1
    NO MINVALUE
    NO MAXVALUE
    CACHE 1
);


--
-- Name: main_app_customuser; Type: TABLE; Schema: public; Owner: postgres
--

CREATE TABLE public.main_app_customuser (
    password character varying(128) NOT NULL,
    last_login timestamp with time zone,
    is_superuser boolean NOT NULL,
    userid uuid NOT NULL,
    email character varying(254) NOT NULL,
    name character varying(255) NOT NULL,
    is_active boolean NOT NULL,
    is_staff boolean NOT NULL
);


ALTER TABLE public.main_app_customuser OWNER TO postgres;

--
-- Name: main_app_customuser_groups; Type: TABLE; Schema: public; Owner: postgres
--

CREATE TABLE public.main_app_customuser_groups (
    id bigint NOT NULL,
    customuser_id uuid NOT NULL,
    group_id integer NOT NULL
);


ALTER TABLE public.main_app_customuser_groups OWNER TO postgres;

--
-- Name: main_app_customuser_groups_id_seq; Type: SEQUENCE; Schema: public; Owner: postgres
--

ALTER TABLE public.main_app_customuser_groups ALTER COLUMN id ADD GENERATED BY DEFAULT AS IDENTITY (
    SEQUENCE NAME public.main_app_customuser_groups_id_seq
    START WITH 1
    INCREMENT BY 1
    NO MINVALUE
    NO MAXVALUE
    CACHE 1
);


--
-- Name: main_app_customuser_user_permissions; Type: TABLE; Schema: public; Owner: postgres
--

CREATE TABLE public.main_app_customuser_user_permissions (
    id bigint NOT NULL,
    customuser_id uuid NOT NULL,
    permission_id integer NOT NULL
);


ALTER TABLE public.main_app_customuser_user_permissions OWNER TO postgres;

--
-- Name: main_app_customuser_user_permissions_id_seq; Type: SEQUENCE; Schema: public; Owner: postgres
--

ALTER TABLE public.main_app_customuser_user_permissions ALTER COLUMN id ADD GENERATED BY DEFAULT AS IDENTITY (
    SEQUENCE NAME public.main_app_customuser_user_permissions_id_seq
    START WITH 1
    INCREMENT BY 1
    NO MINVALUE
    NO MAXVALUE
    CACHE 1
);


--
-- Name: main_app_profile; Type: TABLE; Schema: public; Owner: postgres
--

CREATE TABLE public.main_app_profile (
    id bigint NOT NULL,
    bio text NOT NULL,
    user_id uuid NOT NULL
);


ALTER TABLE public.main_app_profile OWNER TO postgres;

--
-- Name: main_app_profile_id_seq; Type: SEQUENCE; Schema: public; Owner: postgres
--

ALTER TABLE public.main_app_profile ALTER COLUMN id ADD GENERATED BY DEFAULT AS IDENTITY (
    SEQUENCE NAME public.main_app_profile_id_seq
    START WITH 1
    INCREMENT BY 1
    NO MINVALUE
    NO MAXVALUE
    CACHE 1
);


--
-- Name: courses_app_question id; Type: DEFAULT; Schema: public; Owner: postgres
--

ALTER TABLE ONLY public.courses_app_question ALTER COLUMN id SET DEFAULT nextval('public.courses_app_questions_id_seq'::regclass);


--
-- Data for Name: auth_group; Type: TABLE DATA; Schema: public; Owner: postgres
--

COPY public.auth_group (id, name) FROM stdin;
\.


--
-- Data for Name: auth_group_permissions; Type: TABLE DATA; Schema: public; Owner: postgres
--

COPY public.auth_group_permissions (id, group_id, permission_id) FROM stdin;
\.


--
-- Data for Name: auth_permission; Type: TABLE DATA; Schema: public; Owner: postgres
--

COPY public.auth_permission (id, name, content_type_id, codename) FROM stdin;
1	Can add log entry	1	add_logentry
2	Can change log entry	1	change_logentry
3	Can delete log entry	1	delete_logentry
4	Can view log entry	1	view_logentry
5	Can add permission	2	add_permission
6	Can change permission	2	change_permission
7	Can delete permission	2	delete_permission
8	Can view permission	2	view_permission
9	Can add group	3	add_group
10	Can change group	3	change_group
11	Can delete group	3	delete_group
12	Can view group	3	view_group
13	Can add content type	4	add_contenttype
14	Can change content type	4	change_contenttype
15	Can delete content type	4	delete_contenttype
16	Can view content type	4	view_contenttype
17	Can add session	5	add_session
18	Can change session	5	change_session
19	Can delete session	5	delete_session
20	Can view session	5	view_session
21	Can add custom user	6	add_customuser
22	Can change custom user	6	change_customuser
23	Can delete custom user	6	delete_customuser
24	Can view custom user	6	view_customuser
25	Can add profile	7	add_profile
26	Can change profile	7	change_profile
27	Can delete profile	7	delete_profile
28	Can view profile	7	view_profile
29	Can add Token	8	add_token
30	Can change Token	8	change_token
31	Can delete Token	8	delete_token
32	Can view Token	8	view_token
33	Can add Token	9	add_tokenproxy
34	Can change Token	9	change_tokenproxy
35	Can delete Token	9	delete_tokenproxy
36	Can view Token	9	view_tokenproxy
37	Can add site	10	add_site
38	Can change site	10	change_site
39	Can delete site	10	delete_site
40	Can view site	10	view_site
41	Can add chapter	11	add_chapter
42	Can change chapter	11	change_chapter
43	Can delete chapter	11	delete_chapter
44	Can view chapter	11	view_chapter
45	Can add course	12	add_course
46	Can change course	12	change_course
47	Can delete course	12	delete_course
48	Can view course	12	view_course
49	Can add exam	13	add_exam
50	Can change exam	13	change_exam
51	Can delete exam	13	delete_exam
52	Can view exam	13	view_exam
53	Can add lecture video	14	add_lecturevideo
54	Can change lecture video	14	change_lecturevideo
55	Can delete lecture video	14	delete_lecturevideo
56	Can view lecture video	14	view_lecturevideo
57	Can add question	15	add_question
58	Can change question	15	change_question
59	Can delete question	15	delete_question
60	Can view question	15	view_question
61	Can add subject	16	add_subject
62	Can change subject	16	change_subject
63	Can delete subject	16	delete_subject
64	Can view subject	16	view_subject
65	Can add user course data	17	add_usercoursedata
66	Can change user course data	17	change_usercoursedata
67	Can delete user course data	17	delete_usercoursedata
68	Can view user course data	17	view_usercoursedata
69	Can add user exam data	18	add_userexamdata
70	Can change user exam data	18	change_userexamdata
71	Can delete user exam data	18	delete_userexamdata
72	Can view user exam data	18	view_userexamdata
\.


--
-- Data for Name: authtoken_token; Type: TABLE DATA; Schema: public; Owner: postgres
--

COPY public.authtoken_token (key, created, user_id) FROM stdin;
\.


--
-- Data for Name: courses_app_chapter; Type: TABLE DATA; Schema: public; Owner: postgres
--

COPY public.courses_app_chapter (id, name, subject_id, description, lecture_note_path) FROM stdin;
1	Physical World	d6353fba-7060-4784-b752-b20259f31618	xxx	xxx
2	Units and Measurements	d6353fba-7060-4784-b752-b20259f31618	xxx	xxx
3	Motion in a Straight Line	d6353fba-7060-4784-b752-b20259f31618	xxx	xxx
4	Motion in a Plane	d6353fba-7060-4784-b752-b20259f31618	xxx	xxx
5	Laws of Motion	d6353fba-7060-4784-b752-b20259f31618	xxx	xxx
6	Work, Energy and Power	d6353fba-7060-4784-b752-b20259f31618	xxx	xxx
7	System of Particles and Rotational Motion	d6353fba-7060-4784-b752-b20259f31618	xxx	xxx
8	Gravitation	d6353fba-7060-4784-b752-b20259f31618	xxx	xxx
9	Mechanical Properties of Solids	d6353fba-7060-4784-b752-b20259f31618	xxx	xxx
10	Mechanical Properties of Fluids	d6353fba-7060-4784-b752-b20259f31618	xxx	xxx
11	Thermal Properties of Matter	d6353fba-7060-4784-b752-b20259f31618	xxx	xxx
12	Thermodynamics	d6353fba-7060-4784-b752-b20259f31618	xxx	xxx
13	Behaviour of Perfect Gas and Kinetic Theory	d6353fba-7060-4784-b752-b20259f31618	xxx	xxx
14	Oscillations and Waves	d6353fba-7060-4784-b752-b20259f31618	xxx	xxx
15	Electric Charges and Fields	d6353fba-7060-4784-b752-b20259f31618	xxx	xxx
16	Electrostatic Potential and Capacitance	d6353fba-7060-4784-b752-b20259f31618	xxx	xxx
17	Current Electricity	d6353fba-7060-4784-b752-b20259f31618	xxx	xxx
18	Moving Charges and Magnetism	d6353fba-7060-4784-b752-b20259f31618	xxx	xxx
19	Magnetism and Matter	d6353fba-7060-4784-b752-b20259f31618	xxx	xxx
20	Electromagnetic Induction	d6353fba-7060-4784-b752-b20259f31618	xxx	xxx
21	Alternating Current	d6353fba-7060-4784-b752-b20259f31618	xxx	xxx
22	Electromagnetic Waves	d6353fba-7060-4784-b752-b20259f31618	xxx	xxx
23	Optics	d6353fba-7060-4784-b752-b20259f31618	xxx	xxx
24	Dual Nature of Matter and Radiation	d6353fba-7060-4784-b752-b20259f31618	xxx	xxx
25	Atoms and Nuclei	d6353fba-7060-4784-b752-b20259f31618	xxx	xxx
26	Electronic Devices	d6353fba-7060-4784-b752-b20259f31618	xxx	xxx
27	Some Basic Concepts of Chemistry	0e933320-9c99-4ab8-b589-ff14816c4407	xxx	xxx
28	Structure of Atom	0e933320-9c99-4ab8-b589-ff14816c4407	xxx	xxx
29	Classification of Elements and Periodicity in Properties	0e933320-9c99-4ab8-b589-ff14816c4407	xxx	xxx
30	Chemical Bonding and Molecular Structure	0e933320-9c99-4ab8-b589-ff14816c4407	xxx	xxx
31	States of Matter: Gases and Liquids	0e933320-9c99-4ab8-b589-ff14816c4407	xxx	xxx
32	Thermodynamics	0e933320-9c99-4ab8-b589-ff14816c4407	xxx	xxx
33	Equilibrium	0e933320-9c99-4ab8-b589-ff14816c4407	xxx	xxx
34	Redox Reactions	0e933320-9c99-4ab8-b589-ff14816c4407	xxx	xxx
35	Hydrogen	0e933320-9c99-4ab8-b589-ff14816c4407	xxx	xxx
36	s-Block Elements	0e933320-9c99-4ab8-b589-ff14816c4407	xxx	xxx
37	Some p-Block Elements	0e933320-9c99-4ab8-b589-ff14816c4407	xxx	xxx
38	Organic Chemistry - Some Basic Principles and Techniques	0e933320-9c99-4ab8-b589-ff14816c4407	xxx	xxx
39	Hydrocarbons	0e933320-9c99-4ab8-b589-ff14816c4407	xxx	xxx
40	Environmental Chemistry	0e933320-9c99-4ab8-b589-ff14816c4407	xxx	xxx
41	Solid State	0e933320-9c99-4ab8-b589-ff14816c4407	xxx	xxx
42	Solutions	0e933320-9c99-4ab8-b589-ff14816c4407	xxx	xxx
43	Electrochemistry	0e933320-9c99-4ab8-b589-ff14816c4407	xxx	xxx
44	Chemical Kinetics	0e933320-9c99-4ab8-b589-ff14816c4407	xxx	xxx
45	Surface Chemistry	0e933320-9c99-4ab8-b589-ff14816c4407	xxx	xxx
46	General Principles and Processes of Isolation of Elements	0e933320-9c99-4ab8-b589-ff14816c4407	xxx	xxx
47	p-Block Elements	0e933320-9c99-4ab8-b589-ff14816c4407	xxx	xxx
48	d- and f-Block Elements	0e933320-9c99-4ab8-b589-ff14816c4407	xxx	xxx
49	Coordination Compounds	0e933320-9c99-4ab8-b589-ff14816c4407	xxx	xxx
50	Haloalkanes and Haloarenes	0e933320-9c99-4ab8-b589-ff14816c4407	xxx	xxx
51	Alcohols, Phenols, and Ethers	0e933320-9c99-4ab8-b589-ff14816c4407	xxx	xxx
52	Aldehydes, Ketones and Carboxylic Acids	0e933320-9c99-4ab8-b589-ff14816c4407	xxx	xxx
53	Organic Compounds Containing Nitrogen	0e933320-9c99-4ab8-b589-ff14816c4407	xxx	xxx
54	Biomolecules	0e933320-9c99-4ab8-b589-ff14816c4407	xxx	xxx
55	Polymers	0e933320-9c99-4ab8-b589-ff14816c4407	xxx	xxx
56	Chemistry in Everyday Life	0e933320-9c99-4ab8-b589-ff14816c4407	xxx	xxx
57	Sets, Relations and Functions	c531bbc3-b9d4-490c-ac45-14d711c2fbe0	xxx	xxx
58	Complex Numbers and Quadratic Equations	c531bbc3-b9d4-490c-ac45-14d711c2fbe0	xxx	xxx
59	Matrices and Determinants	c531bbc3-b9d4-490c-ac45-14d711c2fbe0	xxx	xxx
60	Permutations and Combinations	c531bbc3-b9d4-490c-ac45-14d711c2fbe0	xxx	xxx
61	Binomial Theorem	c531bbc3-b9d4-490c-ac45-14d711c2fbe0	xxx	xxx
62	Sequences and Series	c531bbc3-b9d4-490c-ac45-14d711c2fbe0	xxx	xxx
63	Limit, Continuity and Differentiability	c531bbc3-b9d4-490c-ac45-14d711c2fbe0	xxx	xxx
64	Integral Calculus	c531bbc3-b9d4-490c-ac45-14d711c2fbe0	xxx	xxx
65	Differential Equations	c531bbc3-b9d4-490c-ac45-14d711c2fbe0	xxx	xxx
66	Co-ordinate Geometry	c531bbc3-b9d4-490c-ac45-14d711c2fbe0	xxx	xxx
67	Three Dimensional Geometry	c531bbc3-b9d4-490c-ac45-14d711c2fbe0	xxx	xxx
68	Vector Algebra	c531bbc3-b9d4-490c-ac45-14d711c2fbe0	xxx	xxx
69	Linear Programming	c531bbc3-b9d4-490c-ac45-14d711c2fbe0	xxx	xxx
70	Probability	c531bbc3-b9d4-490c-ac45-14d711c2fbe0	xxx	xxx
71	Relations and Functions	c531bbc3-b9d4-490c-ac45-14d711c2fbe0	xxx	xxx
72	Statistics	c531bbc3-b9d4-490c-ac45-14d711c2fbe0	xxx	xxx
73	Trigonometric Functions	c531bbc3-b9d4-490c-ac45-14d711c2fbe0	xxx	xxx
74	Applications of Integrals	c531bbc3-b9d4-490c-ac45-14d711c2fbe0	xxx	xxx
75	Mathematical Induction	c531bbc3-b9d4-490c-ac45-14d711c2fbe0	xxx	xxx
76	Height and Distance	c531bbc3-b9d4-490c-ac45-14d711c2fbe0	xxx	xxx
77	Circle	c531bbc3-b9d4-490c-ac45-14d711c2fbe0	xxx	xxx
78	Conic Sections	c531bbc3-b9d4-490c-ac45-14d711c2fbe0	xxx	xxx
79	Straight Lines	c531bbc3-b9d4-490c-ac45-14d711c2fbe0	xxx	xxx
80	Physical World	31c49f25-e642-4789-91d5-30b97a98d8e6	xxx	xxx
81	Units and Measurements	31c49f25-e642-4789-91d5-30b97a98d8e6	xxx	xxx
82	Motion in a Straight Line	31c49f25-e642-4789-91d5-30b97a98d8e6	xxx	xxx
83	Motion in a Plane	31c49f25-e642-4789-91d5-30b97a98d8e6	xxx	xxx
84	Laws of Motion	31c49f25-e642-4789-91d5-30b97a98d8e6	xxx	xxx
85	Work, Energy, and Power	31c49f25-e642-4789-91d5-30b97a98d8e6	xxx	xxx
86	System of Particles and Rotational Motion	31c49f25-e642-4789-91d5-30b97a98d8e6	xxx	xxx
87	Gravitation	31c49f25-e642-4789-91d5-30b97a98d8e6	xxx	xxx
88	Mechanical Properties of Solids	31c49f25-e642-4789-91d5-30b97a98d8e6	xxx	xxx
89	Mechanical Properties of Fluids	31c49f25-e642-4789-91d5-30b97a98d8e6	xxx	xxx
90	Thermal Properties of Matter	31c49f25-e642-4789-91d5-30b97a98d8e6	xxx	xxx
91	Thermodynamics	31c49f25-e642-4789-91d5-30b97a98d8e6	xxx	xxx
92	Kinetic Theory	31c49f25-e642-4789-91d5-30b97a98d8e6	xxx	xxx
93	Oscillations	31c49f25-e642-4789-91d5-30b97a98d8e6	xxx	xxx
94	Waves	31c49f25-e642-4789-91d5-30b97a98d8e6	xxx	xxx
95	Some Basic Concepts of Chemistry	79687827-cf1a-4457-9daa-b7d4ea500e34	xxx	xxx
96	Structure of Atom	79687827-cf1a-4457-9daa-b7d4ea500e34	xxx	xxx
97	Classification of Elements and Periodicity in Properties	79687827-cf1a-4457-9daa-b7d4ea500e34	xxx	xxx
98	Chemical Bonding and Molecular Structure	79687827-cf1a-4457-9daa-b7d4ea500e34	xxx	xxx
99	States of Matter: Gases and Liquids	79687827-cf1a-4457-9daa-b7d4ea500e34	xxx	xxx
100	Thermodynamics	79687827-cf1a-4457-9daa-b7d4ea500e34	xxx	xxx
101	Equilibrium	79687827-cf1a-4457-9daa-b7d4ea500e34	xxx	xxx
102	The s-Block Element (Alkali and Alkaline earth metals)	79687827-cf1a-4457-9daa-b7d4ea500e34	xxx	xxx
103	The p-Block Element (Group 13 and Group 14 Elements)	79687827-cf1a-4457-9daa-b7d4ea500e34	xxx	xxx
104	Organic Chemistry - Some Basic Principles and Techniques	79687827-cf1a-4457-9daa-b7d4ea500e34	xxx	xxx
105	Hydrocarbons	79687827-cf1a-4457-9daa-b7d4ea500e34	xxx	xxx
106	Environmental Chemistry	79687827-cf1a-4457-9daa-b7d4ea500e34	xxx	xxx
107	Diversity of the Living World	851e07b6-3e0c-4836-a034-7c5d49fcc8c6	xxx	xxx
108	Structural Organisation in Animals	851e07b6-3e0c-4836-a034-7c5d49fcc8c6	xxx	xxx
109	Cell Structure and Function	851e07b6-3e0c-4836-a034-7c5d49fcc8c6	xxx	xxx
110	Plant Physiology	851e07b6-3e0c-4836-a034-7c5d49fcc8c6	xxx	xxx
111	Human Physiology	851e07b6-3e0c-4836-a034-7c5d49fcc8c6	xxx	xxx
112	Reproduction	851e07b6-3e0c-4836-a034-7c5d49fcc8c6	xxx	xxx
113	Genetics and Evolution	851e07b6-3e0c-4836-a034-7c5d49fcc8c6	xxx	xxx
114	Biology and Human Welfare	851e07b6-3e0c-4836-a034-7c5d49fcc8c6	xxx	xxx
115	Biotechnology and Its Applications	851e07b6-3e0c-4836-a034-7c5d49fcc8c6	xxx	xxx
116	Ecology and Environment	851e07b6-3e0c-4836-a034-7c5d49fcc8c6	xxx	xxx
\.


--
-- Data for Name: courses_app_course; Type: TABLE DATA; Schema: public; Owner: postgres
--

COPY public.courses_app_course (course_type, title, description, price, current_price, id, portions, watch_hours, chapters, classes, studymaterials, validity, content_left_1, content_left_2, content_left_3, content_left_4, content_right_1, content_right_2, content_right_3, content_right_4, img, tests) FROM stdin;
Online	NEET 2025 Preparation	This course is designed to provide a comprehensive preparation guide for NEET 2025, covering all the topics from Physics, Chemistry, and Biology with mock tests and practice exercises.	180.00	144.00	52b9655f-58ad-4168-8379-3f841e0c6f8d	14	2300	50	900	40	365	Introduction to NEET	Physics - Mechanics & Electricity	Chemistry - Organic Chemistry	Biology - Human Physiology	Chemistry - Physical Chemistry	Physics - Optics & Waves	Biology - Genetics & Evolution	Practice Tests & Revision	course_images/1_4_9inji2V.webp	50
Online	Introduction to Programming	This course covers the basics of programming with Python, including variables, loops, conditionals, and functions.	100.00	90.00	0dcd4192-bbfc-44b6-b85f-51009d8e721d	10	15	30	120	30	365	Introduction to Python	Data Types and Variables	Control Structures	Functions and Methods	Python Syntax	Loops and Conditional Statements	Error Handling	Object-Oriented Programming	course_images/1_5_MQNlFNP.webp	50
Bootcamp	JEE Advanced Preparation	This intensive bootcamp focuses on advanced topics and problem-solving techniques to help students excel in JEE Advanced exams.	300.00	255.00	385f03b3-b9eb-487d-833b-738aae2108d2	10	1300	33	170	200	365	Advanced Physics - Electrodynamics	Advanced Mathematics - Vectors & 3D	Chemistry - Inorganic Chemistry	Physics - Modern Physics	Advanced Chemistry - Coordination Compounds	Mathematics - Differential Equations	Mock Tests and Previous Year Papers	Time Management and Strategy Tips	course_images/1_3_7WoizcJ.webp	50
Online	JEE Mains 2025 Preparation	A complete course to prepare for JEE Mains 2025, covering all the key subjects: Physics, Chemistry, and Mathematics with in-depth explanations and practice tests.	200.00	180.00	c3517806-8095-42c4-9f3f-4e912c630949	12	900	30	20	30	122	Introduction to JEE Mains	Physics - Mechanics	Chemistry - Organic Chemistry	Mathematics - Calculus	Mathematics - Algebra	Physics - Thermodynamics	Chemistry - Physical Chemistry	Mock Tests and Practice Papers	course_images/1_2_9oCzoXc.webp	50
Bootcamp	JEE Advanced Preparation	This intensive bootcamp focuses on advanced topics and problem-solving techniques to help students excel in JEE Advanced exams.	300.00	255.00	32abf448-9d03-42fe-8f80-ea204de3d78a	10	1300	33	170	200	365	Advanced Physics - Electrodynamics	Advanced Mathematics - Vectors & 3D	Chemistry - Inorganic Chemistry	Physics - Modern Physics	Advanced Chemistry - Coordination Compounds	Mathematics - Differential Equations	Mock Tests and Previous Year Papers	Time Management and Strategy Tips	course_images/1_4_8Dx2KU5.webp	50
\.


--
-- Data for Name: courses_app_exam; Type: TABLE DATA; Schema: public; Owner: postgres
--

COPY public.courses_app_exam (id, exam_title, chapter_id) FROM stdin;
\.


--
-- Data for Name: courses_app_lecturevideo; Type: TABLE DATA; Schema: public; Owner: postgres
--

COPY public.courses_app_lecturevideo (id, video_title, video_path, chapter_id) FROM stdin;
\.


--
-- Data for Name: courses_app_question; Type: TABLE DATA; Schema: public; Owner: postgres
--

COPY public.courses_app_question (id, exam_id, chapter_id, question_text, option_a, option_b, option_c, option_d, correct_answer, concept_involved, solution_text, diagram_image) FROM stdin;
1	\N	\N	In a L--R decay circuit, the initial current at t = 0 is I. The total charge that has flown through the resistor till the energy in the inductor has reduced to one--fourth its initial value, is	$\\frac{{\\rm LI}}{{\\rm R}} $	$\\frac{{\\rm LI}}{{\\rm 2R}} $	$\\frac{{\\rm LI}}{{\\rm R}} $$\\sqrt{2} $	None	A	Induction	no solution for now.	question_diagrams/image2.png
\.


--
-- Data for Name: courses_app_subject; Type: TABLE DATA; Schema: public; Owner: postgres
--

COPY public.courses_app_subject (id, name, course_id, type) FROM stdin;
e37989cf-5d67-4bd6-a64a-21a8e9c711e0	Physics	c3517806-8095-42c4-9f3f-4e912c630949	JEE
1b8bcdb6-a38c-4081-b7b5-bf7fa0362e1c	Chemistry	c3517806-8095-42c4-9f3f-4e912c630949	JEE
bb067324-0af4-46c6-98b6-7e1e3eb5cedc	Mathematics	c3517806-8095-42c4-9f3f-4e912c630949	JEE
31c49f25-e642-4789-91d5-30b97a98d8e6	Physics	52b9655f-58ad-4168-8379-3f841e0c6f8d	NEET
79687827-cf1a-4457-9daa-b7d4ea500e34	Chemistry	52b9655f-58ad-4168-8379-3f841e0c6f8d	NEET
851e07b6-3e0c-4836-a034-7c5d49fcc8c6	Biology	52b9655f-58ad-4168-8379-3f841e0c6f8d	NEET
d6353fba-7060-4784-b752-b20259f31618	Physics	385f03b3-b9eb-487d-833b-738aae2108d2	Advanced
0e933320-9c99-4ab8-b589-ff14816c4407	Chemistry	385f03b3-b9eb-487d-833b-738aae2108d2	Advanced
c531bbc3-b9d4-490c-ac45-14d711c2fbe0	Mathematics	385f03b3-b9eb-487d-833b-738aae2108d2	Advanced
\.


--
-- Data for Name: courses_app_usercoursedata; Type: TABLE DATA; Schema: public; Owner: postgres
--

COPY public.courses_app_usercoursedata (id, course_id, user_id, progress) FROM stdin;
14	c3517806-8095-42c4-9f3f-4e912c630949	1f6e36b0-d057-4b59-be28-026cb7392c95	0
15	c3517806-8095-42c4-9f3f-4e912c630949	1f6e36b0-d057-4b59-be28-026cb7392c95	0
16	52b9655f-58ad-4168-8379-3f841e0c6f8d	1f6e36b0-d057-4b59-be28-026cb7392c95	0
17	52b9655f-58ad-4168-8379-3f841e0c6f8d	1f6e36b0-d057-4b59-be28-026cb7392c95	0
18	385f03b3-b9eb-487d-833b-738aae2108d2	6d7ea1b4-3ac9-4401-9126-b655d76d5d59	0
19	c3517806-8095-42c4-9f3f-4e912c630949	6d7ea1b4-3ac9-4401-9126-b655d76d5d59	0
20	52b9655f-58ad-4168-8379-3f841e0c6f8d	6d7ea1b4-3ac9-4401-9126-b655d76d5d59	0
\.


--
-- Data for Name: django_admin_log; Type: TABLE DATA; Schema: public; Owner: postgres
--

COPY public.django_admin_log (id, action_time, object_id, object_repr, action_flag, change_message, content_type_id, user_id) FROM stdin;
\.


--
-- Data for Name: django_content_type; Type: TABLE DATA; Schema: public; Owner: postgres
--

COPY public.django_content_type (id, app_label, model) FROM stdin;
1	admin	logentry
2	auth	permission
3	auth	group
4	contenttypes	contenttype
5	sessions	session
6	main_app	customuser
7	main_app	profile
8	authtoken	token
9	authtoken	tokenproxy
10	sites	site
11	courses_app	chapter
12	courses_app	course
13	courses_app	exam
14	courses_app	lecturevideo
15	courses_app	question
16	courses_app	subject
17	courses_app	usercoursedata
18	courses_app	userexamdata
\.


--
-- Data for Name: django_migrations; Type: TABLE DATA; Schema: public; Owner: postgres
--

COPY public.django_migrations (id, app, name, applied) FROM stdin;
1	contenttypes	0001_initial	2025-01-08 17:01:45.728503+05:30
2	contenttypes	0002_remove_content_type_name	2025-01-08 17:01:45.733296+05:30
3	auth	0001_initial	2025-01-08 17:01:45.763351+05:30
4	auth	0002_alter_permission_name_max_length	2025-01-08 17:01:45.766384+05:30
5	auth	0003_alter_user_email_max_length	2025-01-08 17:01:45.768982+05:30
6	auth	0004_alter_user_username_opts	2025-01-08 17:01:45.771998+05:30
7	auth	0005_alter_user_last_login_null	2025-01-08 17:01:45.777094+05:30
8	auth	0006_require_contenttypes_0002	2025-01-08 17:01:45.778613+05:30
9	auth	0007_alter_validators_add_error_messages	2025-01-08 17:01:45.782659+05:30
10	auth	0008_alter_user_username_max_length	2025-01-08 17:01:45.788015+05:30
11	auth	0009_alter_user_last_name_max_length	2025-01-08 17:01:45.791344+05:30
12	auth	0010_alter_group_name_max_length	2025-01-08 17:01:45.796666+05:30
13	auth	0011_update_proxy_permissions	2025-01-08 17:01:45.80006+05:30
14	auth	0012_alter_user_first_name_max_length	2025-01-08 17:01:45.80375+05:30
15	main_app	0001_initial	2025-01-08 17:01:45.833743+05:30
16	admin	0001_initial	2025-01-08 17:01:45.845251+05:30
17	admin	0002_logentry_remove_auto_add	2025-01-08 17:01:45.850945+05:30
18	admin	0003_logentry_add_action_flag_choices	2025-01-08 17:01:45.856452+05:30
19	authtoken	0001_initial	2025-01-08 17:01:45.870168+05:30
20	authtoken	0002_auto_20160226_1747	2025-01-08 17:01:45.883662+05:30
21	authtoken	0003_tokenproxy	2025-01-08 17:01:45.885887+05:30
22	authtoken	0004_alter_tokenproxy_options	2025-01-08 17:01:45.888314+05:30
24	sessions	0001_initial	2025-01-08 17:01:45.936887+05:30
25	sites	0001_initial	2025-01-08 17:01:45.939851+05:30
26	sites	0002_alter_domain_unique	2025-01-08 17:01:45.945704+05:30
39	courses_app	0001_initial	2025-01-12 20:32:23.24443+05:30
\.


--
-- Data for Name: django_session; Type: TABLE DATA; Schema: public; Owner: postgres
--

COPY public.django_session (session_key, session_data, expire_date) FROM stdin;
\.


--
-- Data for Name: django_site; Type: TABLE DATA; Schema: public; Owner: postgres
--

COPY public.django_site (id, domain, name) FROM stdin;
1	example.com	example.com
\.


--
-- Data for Name: main_app_customuser; Type: TABLE DATA; Schema: public; Owner: postgres
--

COPY public.main_app_customuser (password, last_login, is_superuser, userid, email, name, is_active, is_staff) FROM stdin;
pbkdf2_sha256$870000$GOcnw9vpgiRtJPeegFGmzA$Q03I532XvAf4NHSStnyYHwo1EBa4A8sxJOAupepXHj4=	\N	f	1f6e36b0-d057-4b59-be28-026cb7392c95	richiejames95@gmail.com	Serah James	t	f
pbkdf2_sha256$870000$vOJTGdaoGYf8guWapNpSHn$k8B3m/gclZxHkSdrbkjaz1cgj6fgYYdL2CgdyASQ98s=	\N	t	1a1be05b-cd38-4062-bb9f-54b46f7370a6	richiejames955@gmail.com	richie	f	t
pbkdf2_sha256$870000$G8fK8MW97CqP2J48mMpgIj$caISkioVNCDTGIm9k0ygtWXso5Cx02J/y6P3LLVASc0=	\N	t	b33761dd-6842-487e-a06b-fcf24f1d68be	your_username	your_email@example.com	f	t
pbkdf2_sha256$870000$eL7k3NKJZEq70JXrsVYilI$7ICkKlUpc1QqHZsGkorre7ul/IEtdGem0zwAtqTYbxE=	\N	f	7db4d80b-d15b-4fcd-95db-6a4fdaeba4bd	josecschalil@gmail.com	Richie 22	t	f
pbkdf2_sha256$870000$emPqVOWjR1QyJRxy7Mprrc$BY+7sIXMR6rHeX06CTzDFw+BX5rZAINi5dZjer12Pwg=	\N	f	6d7ea1b4-3ac9-4401-9126-b655d76d5d59	richijames955@gmail.com	Richie James	t	f
pbkdf2_sha256$870000$hJE9isbTnWNcCUgxeKd0qJ$OBvzq2t3Eo82TGvGNnHd8+N0LpyyP4B7VEPab3x8N2I=	\N	f	e697afd7-3c67-433e-9fcf-4d4e7484cbed	richie_b230519cs@nitc.ac.in	Aaalu	f	f
\.


--
-- Data for Name: main_app_customuser_groups; Type: TABLE DATA; Schema: public; Owner: postgres
--

COPY public.main_app_customuser_groups (id, customuser_id, group_id) FROM stdin;
\.


--
-- Data for Name: main_app_customuser_user_permissions; Type: TABLE DATA; Schema: public; Owner: postgres
--

COPY public.main_app_customuser_user_permissions (id, customuser_id, permission_id) FROM stdin;
\.


--
-- Data for Name: main_app_profile; Type: TABLE DATA; Schema: public; Owner: postgres
--

COPY public.main_app_profile (id, bio, user_id) FROM stdin;
\.


--
-- Name: auth_group_id_seq; Type: SEQUENCE SET; Schema: public; Owner: postgres
--

SELECT pg_catalog.setval('public.auth_group_id_seq', 1, false);


--
-- Name: auth_group_permissions_id_seq; Type: SEQUENCE SET; Schema: public; Owner: postgres
--

SELECT pg_catalog.setval('public.auth_group_permissions_id_seq', 1, false);


--
-- Name: auth_permission_id_seq; Type: SEQUENCE SET; Schema: public; Owner: postgres
--

SELECT pg_catalog.setval('public.auth_permission_id_seq', 72, true);


--
-- Name: courses_app_chapter_id_seq; Type: SEQUENCE SET; Schema: public; Owner: postgres
--

SELECT pg_catalog.setval('public.courses_app_chapter_id_seq', 116, true);


--
-- Name: courses_app_exam_id_seq; Type: SEQUENCE SET; Schema: public; Owner: postgres
--

SELECT pg_catalog.setval('public.courses_app_exam_id_seq', 1, false);


--
-- Name: courses_app_lecturevideo_id_seq; Type: SEQUENCE SET; Schema: public; Owner: postgres
--

SELECT pg_catalog.setval('public.courses_app_lecturevideo_id_seq', 1, false);


--
-- Name: courses_app_questions_id_seq; Type: SEQUENCE SET; Schema: public; Owner: postgres
--

SELECT pg_catalog.setval('public.courses_app_questions_id_seq', 1, true);


--
-- Name: courses_app_usercoursedata_id_seq; Type: SEQUENCE SET; Schema: public; Owner: postgres
--

SELECT pg_catalog.setval('public.courses_app_usercoursedata_id_seq', 20, true);


--
-- Name: django_admin_log_id_seq; Type: SEQUENCE SET; Schema: public; Owner: postgres
--

SELECT pg_catalog.setval('public.django_admin_log_id_seq', 1, false);


--
-- Name: django_content_type_id_seq; Type: SEQUENCE SET; Schema: public; Owner: postgres
--

SELECT pg_catalog.setval('public.django_content_type_id_seq', 18, true);


--
-- Name: django_migrations_id_seq; Type: SEQUENCE SET; Schema: public; Owner: postgres
--

SELECT pg_catalog.setval('public.django_migrations_id_seq', 39, true);


--
-- Name: django_site_id_seq; Type: SEQUENCE SET; Schema: public; Owner: postgres
--

SELECT pg_catalog.setval('public.django_site_id_seq', 1, true);


--
-- Name: main_app_customuser_groups_id_seq; Type: SEQUENCE SET; Schema: public; Owner: postgres
--

SELECT pg_catalog.setval('public.main_app_customuser_groups_id_seq', 1, false);


--
-- Name: main_app_customuser_user_permissions_id_seq; Type: SEQUENCE SET; Schema: public; Owner: postgres
--

SELECT pg_catalog.setval('public.main_app_customuser_user_permissions_id_seq', 1, false);


--
-- Name: main_app_profile_id_seq; Type: SEQUENCE SET; Schema: public; Owner: postgres
--

SELECT pg_catalog.setval('public.main_app_profile_id_seq', 1, false);


--
-- Name: auth_group auth_group_name_key; Type: CONSTRAINT; Schema: public; Owner: postgres
--

ALTER TABLE ONLY public.auth_group
    ADD CONSTRAINT auth_group_name_key UNIQUE (name);


--
-- Name: auth_group_permissions auth_group_permissions_group_id_permission_id_0cd325b0_uniq; Type: CONSTRAINT; Schema: public; Owner: postgres
--

ALTER TABLE ONLY public.auth_group_permissions
    ADD CONSTRAINT auth_group_permissions_group_id_permission_id_0cd325b0_uniq UNIQUE (group_id, permission_id);


--
-- Name: auth_group_permissions auth_group_permissions_pkey; Type: CONSTRAINT; Schema: public; Owner: postgres
--

ALTER TABLE ONLY public.auth_group_permissions
    ADD CONSTRAINT auth_group_permissions_pkey PRIMARY KEY (id);


--
-- Name: auth_group auth_group_pkey; Type: CONSTRAINT; Schema: public; Owner: postgres
--

ALTER TABLE ONLY public.auth_group
    ADD CONSTRAINT auth_group_pkey PRIMARY KEY (id);


--
-- Name: auth_permission auth_permission_content_type_id_codename_01ab375a_uniq; Type: CONSTRAINT; Schema: public; Owner: postgres
--

ALTER TABLE ONLY public.auth_permission
    ADD CONSTRAINT auth_permission_content_type_id_codename_01ab375a_uniq UNIQUE (content_type_id, codename);


--
-- Name: auth_permission auth_permission_pkey; Type: CONSTRAINT; Schema: public; Owner: postgres
--

ALTER TABLE ONLY public.auth_permission
    ADD CONSTRAINT auth_permission_pkey PRIMARY KEY (id);


--
-- Name: authtoken_token authtoken_token_pkey; Type: CONSTRAINT; Schema: public; Owner: postgres
--

ALTER TABLE ONLY public.authtoken_token
    ADD CONSTRAINT authtoken_token_pkey PRIMARY KEY (key);


--
-- Name: authtoken_token authtoken_token_user_id_key; Type: CONSTRAINT; Schema: public; Owner: postgres
--

ALTER TABLE ONLY public.authtoken_token
    ADD CONSTRAINT authtoken_token_user_id_key UNIQUE (user_id);


--
-- Name: courses_app_chapter courses_app_chapter_pkey; Type: CONSTRAINT; Schema: public; Owner: postgres
--

ALTER TABLE ONLY public.courses_app_chapter
    ADD CONSTRAINT courses_app_chapter_pkey PRIMARY KEY (id);


--
-- Name: courses_app_course courses_app_course_pkey; Type: CONSTRAINT; Schema: public; Owner: postgres
--

ALTER TABLE ONLY public.courses_app_course
    ADD CONSTRAINT courses_app_course_pkey PRIMARY KEY (id);


--
-- Name: courses_app_exam courses_app_exam_pkey; Type: CONSTRAINT; Schema: public; Owner: postgres
--

ALTER TABLE ONLY public.courses_app_exam
    ADD CONSTRAINT courses_app_exam_pkey PRIMARY KEY (id);


--
-- Name: courses_app_lecturevideo courses_app_lecturevideo_pkey; Type: CONSTRAINT; Schema: public; Owner: postgres
--

ALTER TABLE ONLY public.courses_app_lecturevideo
    ADD CONSTRAINT courses_app_lecturevideo_pkey PRIMARY KEY (id);


--
-- Name: courses_app_question courses_app_questions_pkey; Type: CONSTRAINT; Schema: public; Owner: postgres
--

ALTER TABLE ONLY public.courses_app_question
    ADD CONSTRAINT courses_app_questions_pkey PRIMARY KEY (id);


--
-- Name: courses_app_subject courses_app_subject_pkey; Type: CONSTRAINT; Schema: public; Owner: postgres
--

ALTER TABLE ONLY public.courses_app_subject
    ADD CONSTRAINT courses_app_subject_pkey PRIMARY KEY (id);


--
-- Name: courses_app_usercoursedata courses_app_usercoursedata_pkey; Type: CONSTRAINT; Schema: public; Owner: postgres
--

ALTER TABLE ONLY public.courses_app_usercoursedata
    ADD CONSTRAINT courses_app_usercoursedata_pkey PRIMARY KEY (id);


--
-- Name: django_admin_log django_admin_log_pkey; Type: CONSTRAINT; Schema: public; Owner: postgres
--

ALTER TABLE ONLY public.django_admin_log
    ADD CONSTRAINT django_admin_log_pkey PRIMARY KEY (id);


--
-- Name: django_content_type django_content_type_app_label_model_76bd3d3b_uniq; Type: CONSTRAINT; Schema: public; Owner: postgres
--

ALTER TABLE ONLY public.django_content_type
    ADD CONSTRAINT django_content_type_app_label_model_76bd3d3b_uniq UNIQUE (app_label, model);


--
-- Name: django_content_type django_content_type_pkey; Type: CONSTRAINT; Schema: public; Owner: postgres
--

ALTER TABLE ONLY public.django_content_type
    ADD CONSTRAINT django_content_type_pkey PRIMARY KEY (id);


--
-- Name: django_migrations django_migrations_pkey; Type: CONSTRAINT; Schema: public; Owner: postgres
--

ALTER TABLE ONLY public.django_migrations
    ADD CONSTRAINT django_migrations_pkey PRIMARY KEY (id);


--
-- Name: django_session django_session_pkey; Type: CONSTRAINT; Schema: public; Owner: postgres
--

ALTER TABLE ONLY public.django_session
    ADD CONSTRAINT django_session_pkey PRIMARY KEY (session_key);


--
-- Name: django_site django_site_domain_a2e37b91_uniq; Type: CONSTRAINT; Schema: public; Owner: postgres
--

ALTER TABLE ONLY public.django_site
    ADD CONSTRAINT django_site_domain_a2e37b91_uniq UNIQUE (domain);


--
-- Name: django_site django_site_pkey; Type: CONSTRAINT; Schema: public; Owner: postgres
--

ALTER TABLE ONLY public.django_site
    ADD CONSTRAINT django_site_pkey PRIMARY KEY (id);


--
-- Name: main_app_customuser main_app_customuser_email_key; Type: CONSTRAINT; Schema: public; Owner: postgres
--

ALTER TABLE ONLY public.main_app_customuser
    ADD CONSTRAINT main_app_customuser_email_key UNIQUE (email);


--
-- Name: main_app_customuser_groups main_app_customuser_groups_customuser_id_group_id_6dd2b9a7_uniq; Type: CONSTRAINT; Schema: public; Owner: postgres
--

ALTER TABLE ONLY public.main_app_customuser_groups
    ADD CONSTRAINT main_app_customuser_groups_customuser_id_group_id_6dd2b9a7_uniq UNIQUE (customuser_id, group_id);


--
-- Name: main_app_customuser_groups main_app_customuser_groups_pkey; Type: CONSTRAINT; Schema: public; Owner: postgres
--

ALTER TABLE ONLY public.main_app_customuser_groups
    ADD CONSTRAINT main_app_customuser_groups_pkey PRIMARY KEY (id);


--
-- Name: main_app_customuser main_app_customuser_pkey; Type: CONSTRAINT; Schema: public; Owner: postgres
--

ALTER TABLE ONLY public.main_app_customuser
    ADD CONSTRAINT main_app_customuser_pkey PRIMARY KEY (userid);


--
-- Name: main_app_customuser_user_permissions main_app_customuser_user_customuser_id_permission_0bd2d638_uniq; Type: CONSTRAINT; Schema: public; Owner: postgres
--

ALTER TABLE ONLY public.main_app_customuser_user_permissions
    ADD CONSTRAINT main_app_customuser_user_customuser_id_permission_0bd2d638_uniq UNIQUE (customuser_id, permission_id);


--
-- Name: main_app_customuser_user_permissions main_app_customuser_user_permissions_pkey; Type: CONSTRAINT; Schema: public; Owner: postgres
--

ALTER TABLE ONLY public.main_app_customuser_user_permissions
    ADD CONSTRAINT main_app_customuser_user_permissions_pkey PRIMARY KEY (id);


--
-- Name: main_app_profile main_app_profile_pkey; Type: CONSTRAINT; Schema: public; Owner: postgres
--

ALTER TABLE ONLY public.main_app_profile
    ADD CONSTRAINT main_app_profile_pkey PRIMARY KEY (id);


--
-- Name: main_app_profile main_app_profile_user_id_key; Type: CONSTRAINT; Schema: public; Owner: postgres
--

ALTER TABLE ONLY public.main_app_profile
    ADD CONSTRAINT main_app_profile_user_id_key UNIQUE (user_id);


--
-- Name: auth_group_name_a6ea08ec_like; Type: INDEX; Schema: public; Owner: postgres
--

CREATE INDEX auth_group_name_a6ea08ec_like ON public.auth_group USING btree (name varchar_pattern_ops);


--
-- Name: auth_group_permissions_group_id_b120cbf9; Type: INDEX; Schema: public; Owner: postgres
--

CREATE INDEX auth_group_permissions_group_id_b120cbf9 ON public.auth_group_permissions USING btree (group_id);


--
-- Name: auth_group_permissions_permission_id_84c5c92e; Type: INDEX; Schema: public; Owner: postgres
--

CREATE INDEX auth_group_permissions_permission_id_84c5c92e ON public.auth_group_permissions USING btree (permission_id);


--
-- Name: auth_permission_content_type_id_2f476e4b; Type: INDEX; Schema: public; Owner: postgres
--

CREATE INDEX auth_permission_content_type_id_2f476e4b ON public.auth_permission USING btree (content_type_id);


--
-- Name: authtoken_token_key_10f0b77e_like; Type: INDEX; Schema: public; Owner: postgres
--

CREATE INDEX authtoken_token_key_10f0b77e_like ON public.authtoken_token USING btree (key varchar_pattern_ops);


--
-- Name: courses_app_chapter_subject_id_90670b29; Type: INDEX; Schema: public; Owner: postgres
--

CREATE INDEX courses_app_chapter_subject_id_90670b29 ON public.courses_app_chapter USING btree (subject_id);


--
-- Name: courses_app_exam_chapter_id_744960d0; Type: INDEX; Schema: public; Owner: postgres
--

CREATE INDEX courses_app_exam_chapter_id_744960d0 ON public.courses_app_exam USING btree (chapter_id);


--
-- Name: courses_app_lecturevideo_chapter_id_5b639922; Type: INDEX; Schema: public; Owner: postgres
--

CREATE INDEX courses_app_lecturevideo_chapter_id_5b639922 ON public.courses_app_lecturevideo USING btree (chapter_id);


--
-- Name: courses_app_subject_course_id_8bf0b595; Type: INDEX; Schema: public; Owner: postgres
--

CREATE INDEX courses_app_subject_course_id_8bf0b595 ON public.courses_app_subject USING btree (course_id);


--
-- Name: courses_app_usercoursedata_course_id_49f56961; Type: INDEX; Schema: public; Owner: postgres
--

CREATE INDEX courses_app_usercoursedata_course_id_49f56961 ON public.courses_app_usercoursedata USING btree (course_id);


--
-- Name: courses_app_usercoursedata_user_id_49b74af4; Type: INDEX; Schema: public; Owner: postgres
--

CREATE INDEX courses_app_usercoursedata_user_id_49b74af4 ON public.courses_app_usercoursedata USING btree (user_id);


--
-- Name: django_admin_log_content_type_id_c4bce8eb; Type: INDEX; Schema: public; Owner: postgres
--

CREATE INDEX django_admin_log_content_type_id_c4bce8eb ON public.django_admin_log USING btree (content_type_id);


--
-- Name: django_admin_log_user_id_c564eba6; Type: INDEX; Schema: public; Owner: postgres
--

CREATE INDEX django_admin_log_user_id_c564eba6 ON public.django_admin_log USING btree (user_id);


--
-- Name: django_session_expire_date_a5c62663; Type: INDEX; Schema: public; Owner: postgres
--

CREATE INDEX django_session_expire_date_a5c62663 ON public.django_session USING btree (expire_date);


--
-- Name: django_session_session_key_c0390e0f_like; Type: INDEX; Schema: public; Owner: postgres
--

CREATE INDEX django_session_session_key_c0390e0f_like ON public.django_session USING btree (session_key varchar_pattern_ops);


--
-- Name: django_site_domain_a2e37b91_like; Type: INDEX; Schema: public; Owner: postgres
--

CREATE INDEX django_site_domain_a2e37b91_like ON public.django_site USING btree (domain varchar_pattern_ops);


--
-- Name: main_app_customuser_email_e6c80404_like; Type: INDEX; Schema: public; Owner: postgres
--

CREATE INDEX main_app_customuser_email_e6c80404_like ON public.main_app_customuser USING btree (email varchar_pattern_ops);


--
-- Name: main_app_customuser_groups_customuser_id_9d75aa94; Type: INDEX; Schema: public; Owner: postgres
--

CREATE INDEX main_app_customuser_groups_customuser_id_9d75aa94 ON public.main_app_customuser_groups USING btree (customuser_id);


--
-- Name: main_app_customuser_groups_group_id_9ee498f4; Type: INDEX; Schema: public; Owner: postgres
--

CREATE INDEX main_app_customuser_groups_group_id_9ee498f4 ON public.main_app_customuser_groups USING btree (group_id);


--
-- Name: main_app_customuser_user_permissions_customuser_id_b28fdeb1; Type: INDEX; Schema: public; Owner: postgres
--

CREATE INDEX main_app_customuser_user_permissions_customuser_id_b28fdeb1 ON public.main_app_customuser_user_permissions USING btree (customuser_id);


--
-- Name: main_app_customuser_user_permissions_permission_id_595e7ce3; Type: INDEX; Schema: public; Owner: postgres
--

CREATE INDEX main_app_customuser_user_permissions_permission_id_595e7ce3 ON public.main_app_customuser_user_permissions USING btree (permission_id);


--
-- Name: auth_group_permissions auth_group_permissio_permission_id_84c5c92e_fk_auth_perm; Type: FK CONSTRAINT; Schema: public; Owner: postgres
--

ALTER TABLE ONLY public.auth_group_permissions
    ADD CONSTRAINT auth_group_permissio_permission_id_84c5c92e_fk_auth_perm FOREIGN KEY (permission_id) REFERENCES public.auth_permission(id) DEFERRABLE INITIALLY DEFERRED;


--
-- Name: auth_group_permissions auth_group_permissions_group_id_b120cbf9_fk_auth_group_id; Type: FK CONSTRAINT; Schema: public; Owner: postgres
--

ALTER TABLE ONLY public.auth_group_permissions
    ADD CONSTRAINT auth_group_permissions_group_id_b120cbf9_fk_auth_group_id FOREIGN KEY (group_id) REFERENCES public.auth_group(id) DEFERRABLE INITIALLY DEFERRED;


--
-- Name: auth_permission auth_permission_content_type_id_2f476e4b_fk_django_co; Type: FK CONSTRAINT; Schema: public; Owner: postgres
--

ALTER TABLE ONLY public.auth_permission
    ADD CONSTRAINT auth_permission_content_type_id_2f476e4b_fk_django_co FOREIGN KEY (content_type_id) REFERENCES public.django_content_type(id) DEFERRABLE INITIALLY DEFERRED;


--
-- Name: authtoken_token authtoken_token_user_id_35299eff_fk_main_app_customuser_userid; Type: FK CONSTRAINT; Schema: public; Owner: postgres
--

ALTER TABLE ONLY public.authtoken_token
    ADD CONSTRAINT authtoken_token_user_id_35299eff_fk_main_app_customuser_userid FOREIGN KEY (user_id) REFERENCES public.main_app_customuser(userid) DEFERRABLE INITIALLY DEFERRED;


--
-- Name: courses_app_chapter courses_app_chapter_subject_id_90670b29_fk_courses_a; Type: FK CONSTRAINT; Schema: public; Owner: postgres
--

ALTER TABLE ONLY public.courses_app_chapter
    ADD CONSTRAINT courses_app_chapter_subject_id_90670b29_fk_courses_a FOREIGN KEY (subject_id) REFERENCES public.courses_app_subject(id) DEFERRABLE INITIALLY DEFERRED;


--
-- Name: courses_app_exam courses_app_exam_chapter_id_744960d0_fk_courses_app_chapter_id; Type: FK CONSTRAINT; Schema: public; Owner: postgres
--

ALTER TABLE ONLY public.courses_app_exam
    ADD CONSTRAINT courses_app_exam_chapter_id_744960d0_fk_courses_app_chapter_id FOREIGN KEY (chapter_id) REFERENCES public.courses_app_chapter(id) DEFERRABLE INITIALLY DEFERRED;


--
-- Name: courses_app_lecturevideo courses_app_lecturev_chapter_id_5b639922_fk_courses_a; Type: FK CONSTRAINT; Schema: public; Owner: postgres
--

ALTER TABLE ONLY public.courses_app_lecturevideo
    ADD CONSTRAINT courses_app_lecturev_chapter_id_5b639922_fk_courses_a FOREIGN KEY (chapter_id) REFERENCES public.courses_app_chapter(id) DEFERRABLE INITIALLY DEFERRED;


--
-- Name: courses_app_question courses_app_question_chapter_id_15d4d0f7_fk_courses_a; Type: FK CONSTRAINT; Schema: public; Owner: postgres
--

ALTER TABLE ONLY public.courses_app_question
    ADD CONSTRAINT courses_app_question_chapter_id_15d4d0f7_fk_courses_a FOREIGN KEY (chapter_id) REFERENCES public.courses_app_chapter(id) DEFERRABLE INITIALLY DEFERRED;


--
-- Name: courses_app_question courses_app_question_exam_id_dcf2e83a_fk_courses_app_exam_id; Type: FK CONSTRAINT; Schema: public; Owner: postgres
--

ALTER TABLE ONLY public.courses_app_question
    ADD CONSTRAINT courses_app_question_exam_id_dcf2e83a_fk_courses_app_exam_id FOREIGN KEY (exam_id) REFERENCES public.courses_app_exam(id) DEFERRABLE INITIALLY DEFERRED;


--
-- Name: courses_app_subject courses_app_subject_course_id_8bf0b595_fk_courses_app_course_id; Type: FK CONSTRAINT; Schema: public; Owner: postgres
--

ALTER TABLE ONLY public.courses_app_subject
    ADD CONSTRAINT courses_app_subject_course_id_8bf0b595_fk_courses_app_course_id FOREIGN KEY (course_id) REFERENCES public.courses_app_course(id) DEFERRABLE INITIALLY DEFERRED;


--
-- Name: courses_app_usercoursedata courses_app_usercour_course_id_49f56961_fk_courses_a; Type: FK CONSTRAINT; Schema: public; Owner: postgres
--

ALTER TABLE ONLY public.courses_app_usercoursedata
    ADD CONSTRAINT courses_app_usercour_course_id_49f56961_fk_courses_a FOREIGN KEY (course_id) REFERENCES public.courses_app_course(id) DEFERRABLE INITIALLY DEFERRED;


--
-- Name: courses_app_usercoursedata courses_app_usercour_user_id_49b74af4_fk_main_app_; Type: FK CONSTRAINT; Schema: public; Owner: postgres
--

ALTER TABLE ONLY public.courses_app_usercoursedata
    ADD CONSTRAINT courses_app_usercour_user_id_49b74af4_fk_main_app_ FOREIGN KEY (user_id) REFERENCES public.main_app_customuser(userid) DEFERRABLE INITIALLY DEFERRED;


--
-- Name: django_admin_log django_admin_log_content_type_id_c4bce8eb_fk_django_co; Type: FK CONSTRAINT; Schema: public; Owner: postgres
--

ALTER TABLE ONLY public.django_admin_log
    ADD CONSTRAINT django_admin_log_content_type_id_c4bce8eb_fk_django_co FOREIGN KEY (content_type_id) REFERENCES public.django_content_type(id) DEFERRABLE INITIALLY DEFERRED;


--
-- Name: django_admin_log django_admin_log_user_id_c564eba6_fk_main_app_customuser_userid; Type: FK CONSTRAINT; Schema: public; Owner: postgres
--

ALTER TABLE ONLY public.django_admin_log
    ADD CONSTRAINT django_admin_log_user_id_c564eba6_fk_main_app_customuser_userid FOREIGN KEY (user_id) REFERENCES public.main_app_customuser(userid) DEFERRABLE INITIALLY DEFERRED;


--
-- Name: main_app_customuser_groups main_app_customuser__customuser_id_9d75aa94_fk_main_app_; Type: FK CONSTRAINT; Schema: public; Owner: postgres
--

ALTER TABLE ONLY public.main_app_customuser_groups
    ADD CONSTRAINT main_app_customuser__customuser_id_9d75aa94_fk_main_app_ FOREIGN KEY (customuser_id) REFERENCES public.main_app_customuser(userid) DEFERRABLE INITIALLY DEFERRED;


--
-- Name: main_app_customuser_user_permissions main_app_customuser__customuser_id_b28fdeb1_fk_main_app_; Type: FK CONSTRAINT; Schema: public; Owner: postgres
--

ALTER TABLE ONLY public.main_app_customuser_user_permissions
    ADD CONSTRAINT main_app_customuser__customuser_id_b28fdeb1_fk_main_app_ FOREIGN KEY (customuser_id) REFERENCES public.main_app_customuser(userid) DEFERRABLE INITIALLY DEFERRED;


--
-- Name: main_app_customuser_user_permissions main_app_customuser__permission_id_595e7ce3_fk_auth_perm; Type: FK CONSTRAINT; Schema: public; Owner: postgres
--

ALTER TABLE ONLY public.main_app_customuser_user_permissions
    ADD CONSTRAINT main_app_customuser__permission_id_595e7ce3_fk_auth_perm FOREIGN KEY (permission_id) REFERENCES public.auth_permission(id) DEFERRABLE INITIALLY DEFERRED;


--
-- Name: main_app_customuser_groups main_app_customuser_groups_group_id_9ee498f4_fk_auth_group_id; Type: FK CONSTRAINT; Schema: public; Owner: postgres
--

ALTER TABLE ONLY public.main_app_customuser_groups
    ADD CONSTRAINT main_app_customuser_groups_group_id_9ee498f4_fk_auth_group_id FOREIGN KEY (group_id) REFERENCES public.auth_group(id) DEFERRABLE INITIALLY DEFERRED;


--
-- Name: main_app_profile main_app_profile_user_id_e13adcb4_fk_main_app_customuser_userid; Type: FK CONSTRAINT; Schema: public; Owner: postgres
--

ALTER TABLE ONLY public.main_app_profile
    ADD CONSTRAINT main_app_profile_user_id_e13adcb4_fk_main_app_customuser_userid FOREIGN KEY (user_id) REFERENCES public.main_app_customuser(userid) DEFERRABLE INITIALLY DEFERRED;


--
-- PostgreSQL database dump complete
--

