--
-- PostgreSQL database dump
--

-- Dumped from database version 14.15 (Ubuntu 14.15-0ubuntu0.22.04.1)
-- Dumped by pg_dump version 14.15 (Ubuntu 14.15-0ubuntu0.22.04.1)

SET statement_timeout = 0;
SET lock_timeout = 0;
SET idle_in_transaction_session_timeout = 0;
SET client_encoding = 'UTF8';
SET standard_conforming_strings = on;
SELECT pg_catalog.set_config('search_path', '', false);
SET check_function_bodies = false;
SET xmloption = content;
SET client_min_messages = warning;
SET row_security = off;

SET default_tablespace = '';

SET default_table_access_method = heap;

--
-- Name: auth_group; Type: TABLE; Schema: public; Owner: postgres
--

CREATE TABLE public.auth_group (
    id integer NOT NULL,
    name character varying(150) NOT NULL
);


ALTER TABLE public.auth_group OWNER TO postgres;

--
-- Name: auth_group_id_seq; Type: SEQUENCE; Schema: public; Owner: postgres
--

ALTER TABLE public.auth_group ALTER COLUMN id ADD GENERATED BY DEFAULT AS IDENTITY (
    SEQUENCE NAME public.auth_group_id_seq
    START WITH 1
    INCREMENT BY 1
    NO MINVALUE
    NO MAXVALUE
    CACHE 1
);


--
-- Name: auth_group_permissions; Type: TABLE; Schema: public; Owner: postgres
--

CREATE TABLE public.auth_group_permissions (
    id bigint NOT NULL,
    group_id integer NOT NULL,
    permission_id integer NOT NULL
);


ALTER TABLE public.auth_group_permissions OWNER TO postgres;

--
-- Name: auth_group_permissions_id_seq; Type: SEQUENCE; Schema: public; Owner: postgres
--

ALTER TABLE public.auth_group_permissions ALTER COLUMN id ADD GENERATED BY DEFAULT AS IDENTITY (
    SEQUENCE NAME public.auth_group_permissions_id_seq
    START WITH 1
    INCREMENT BY 1
    NO MINVALUE
    NO MAXVALUE
    CACHE 1
);


--
-- Name: auth_permission; Type: TABLE; Schema: public; Owner: postgres
--

CREATE TABLE public.auth_permission (
    id integer NOT NULL,
    name character varying(255) NOT NULL,
    content_type_id integer NOT NULL,
    codename character varying(100) NOT NULL
);


ALTER TABLE public.auth_permission OWNER TO postgres;

--
-- Name: auth_permission_id_seq; Type: SEQUENCE; Schema: public; Owner: postgres
--

ALTER TABLE public.auth_permission ALTER COLUMN id ADD GENERATED BY DEFAULT AS IDENTITY (
    SEQUENCE NAME public.auth_permission_id_seq
    START WITH 1
    INCREMENT BY 1
    NO MINVALUE
    NO MAXVALUE
    CACHE 1
);


--
-- Name: authtoken_token; Type: TABLE; Schema: public; Owner: postgres
--

CREATE TABLE public.authtoken_token (
    key character varying(40) NOT NULL,
    created timestamp with time zone NOT NULL,
    user_id uuid NOT NULL
);


ALTER TABLE public.authtoken_token OWNER TO postgres;

--
-- Name: courses_app_chapter; Type: TABLE; Schema: public; Owner: postgres
--

CREATE TABLE public.courses_app_chapter (
    id uuid NOT NULL,
    name character varying(255) NOT NULL,
    subject_id uuid NOT NULL
);


ALTER TABLE public.courses_app_chapter OWNER TO postgres;

--
-- Name: courses_app_course; Type: TABLE; Schema: public; Owner: postgres
--

CREATE TABLE public.courses_app_course (
    course_type character varying(100) NOT NULL,
    title character varying(255) NOT NULL,
    description text NOT NULL,
    price numeric(10,2) NOT NULL,
    current_price numeric(10,2) NOT NULL,
    id uuid NOT NULL,
    portions text NOT NULL,
    watch_hours character varying(50) NOT NULL,
    classes character varying(50) NOT NULL,
    chapters character varying(50) NOT NULL,
    tests character varying(50) NOT NULL,
    studymaterials character varying(50) NOT NULL,
    validity integer NOT NULL,
    content_left_1 text,
    content_left_2 text,
    content_left_3 text,
    content_left_4 text,
    content_right_1 text,
    content_right_2 text,
    content_right_3 text,
    content_right_4 text,
    img character varying(100)
);


ALTER TABLE public.courses_app_course OWNER TO postgres;

--
-- Name: courses_app_exam; Type: TABLE; Schema: public; Owner: postgres
--

CREATE TABLE public.courses_app_exam (
    exam_id uuid NOT NULL,
    exam_title character varying(255) NOT NULL,
    chapter_id uuid NOT NULL
);


ALTER TABLE public.courses_app_exam OWNER TO postgres;

--
-- Name: courses_app_lecturevideo; Type: TABLE; Schema: public; Owner: postgres
--

CREATE TABLE public.courses_app_lecturevideo (
    id bigint NOT NULL,
    video_title character varying(255) NOT NULL,
    video_path character varying(500) NOT NULL,
    chapter_id uuid NOT NULL
);


ALTER TABLE public.courses_app_lecturevideo OWNER TO postgres;

--
-- Name: courses_app_lecturevideo_id_seq; Type: SEQUENCE; Schema: public; Owner: postgres
--

ALTER TABLE public.courses_app_lecturevideo ALTER COLUMN id ADD GENERATED BY DEFAULT AS IDENTITY (
    SEQUENCE NAME public.courses_app_lecturevideo_id_seq
    START WITH 1
    INCREMENT BY 1
    NO MINVALUE
    NO MAXVALUE
    CACHE 1
);


--
-- Name: courses_app_question; Type: TABLE; Schema: public; Owner: postgres
--

CREATE TABLE public.courses_app_question (
    id uuid NOT NULL,
    question_text text,
    question_image character varying(100),
    option_a_text text,
    option_a_image character varying(100),
    option_b_text text,
    option_b_image character varying(100),
    option_c_text text,
    option_c_image character varying(100),
    option_d_text text,
    option_d_image character varying(100),
    correct_answer character varying(1) NOT NULL,
    concept_involved character varying(255),
    solution_text text,
    diagram_image character varying(100),
    level integer NOT NULL,
    chapter_id uuid,
    exam_id uuid
);


ALTER TABLE public.courses_app_question OWNER TO postgres;

--
-- Name: courses_app_subject; Type: TABLE; Schema: public; Owner: postgres
--

CREATE TABLE public.courses_app_subject (
    id uuid NOT NULL,
    name character varying(255) NOT NULL,
    type character varying(255) NOT NULL,
    course_id uuid NOT NULL
);


ALTER TABLE public.courses_app_subject OWNER TO postgres;

--
-- Name: courses_app_usercoursedata; Type: TABLE; Schema: public; Owner: postgres
--

CREATE TABLE public.courses_app_usercoursedata (
    id bigint NOT NULL,
    progress integer NOT NULL,
    course_id uuid NOT NULL,
    user_id uuid NOT NULL
);


ALTER TABLE public.courses_app_usercoursedata OWNER TO postgres;

--
-- Name: courses_app_usercoursedata_id_seq; Type: SEQUENCE; Schema: public; Owner: postgres
--

ALTER TABLE public.courses_app_usercoursedata ALTER COLUMN id ADD GENERATED BY DEFAULT AS IDENTITY (
    SEQUENCE NAME public.courses_app_usercoursedata_id_seq
    START WITH 1
    INCREMENT BY 1
    NO MINVALUE
    NO MAXVALUE
    CACHE 1
);


--
-- Name: courses_app_userexamdata; Type: TABLE; Schema: public; Owner: postgres
--

CREATE TABLE public.courses_app_userexamdata (
    id bigint NOT NULL,
    exam_id character varying(255) NOT NULL,
    current_question_index integer NOT NULL,
    answers jsonb NOT NULL,
    visited jsonb NOT NULL,
    marked_for_review jsonb NOT NULL,
    time_remaining integer NOT NULL,
    is_timer_running boolean NOT NULL,
    is_submitted boolean NOT NULL,
    is_active boolean NOT NULL,
    attempt_number integer NOT NULL,
    user_id uuid NOT NULL
);


ALTER TABLE public.courses_app_userexamdata OWNER TO postgres;

--
-- Name: courses_app_userexamdata_id_seq; Type: SEQUENCE; Schema: public; Owner: postgres
--

ALTER TABLE public.courses_app_userexamdata ALTER COLUMN id ADD GENERATED BY DEFAULT AS IDENTITY (
    SEQUENCE NAME public.courses_app_userexamdata_id_seq
    START WITH 1
    INCREMENT BY 1
    NO MINVALUE
    NO MAXVALUE
    CACHE 1
);


--
-- Name: django_admin_log; Type: TABLE; Schema: public; Owner: postgres
--

CREATE TABLE public.django_admin_log (
    id integer NOT NULL,
    action_time timestamp with time zone NOT NULL,
    object_id text,
    object_repr character varying(200) NOT NULL,
    action_flag smallint NOT NULL,
    change_message text NOT NULL,
    content_type_id integer,
    user_id uuid NOT NULL,
    CONSTRAINT django_admin_log_action_flag_check CHECK ((action_flag >= 0))
);


ALTER TABLE public.django_admin_log OWNER TO postgres;

--
-- Name: django_admin_log_id_seq; Type: SEQUENCE; Schema: public; Owner: postgres
--

ALTER TABLE public.django_admin_log ALTER COLUMN id ADD GENERATED BY DEFAULT AS IDENTITY (
    SEQUENCE NAME public.django_admin_log_id_seq
    START WITH 1
    INCREMENT BY 1
    NO MINVALUE
    NO MAXVALUE
    CACHE 1
);


--
-- Name: django_content_type; Type: TABLE; Schema: public; Owner: postgres
--

CREATE TABLE public.django_content_type (
    id integer NOT NULL,
    app_label character varying(100) NOT NULL,
    model character varying(100) NOT NULL
);


ALTER TABLE public.django_content_type OWNER TO postgres;

--
-- Name: django_content_type_id_seq; Type: SEQUENCE; Schema: public; Owner: postgres
--

ALTER TABLE public.django_content_type ALTER COLUMN id ADD GENERATED BY DEFAULT AS IDENTITY (
    SEQUENCE NAME public.django_content_type_id_seq
    START WITH 1
    INCREMENT BY 1
    NO MINVALUE
    NO MAXVALUE
    CACHE 1
);


--
-- Name: django_migrations; Type: TABLE; Schema: public; Owner: postgres
--

CREATE TABLE public.django_migrations (
    id bigint NOT NULL,
    app character varying(255) NOT NULL,
    name character varying(255) NOT NULL,
    applied timestamp with time zone NOT NULL
);


ALTER TABLE public.django_migrations OWNER TO postgres;

--
-- Name: django_migrations_id_seq; Type: SEQUENCE; Schema: public; Owner: postgres
--

ALTER TABLE public.django_migrations ALTER COLUMN id ADD GENERATED BY DEFAULT AS IDENTITY (
    SEQUENCE NAME public.django_migrations_id_seq
    START WITH 1
    INCREMENT BY 1
    NO MINVALUE
    NO MAXVALUE
    CACHE 1
);


--
-- Name: django_session; Type: TABLE; Schema: public; Owner: postgres
--

CREATE TABLE public.django_session (
    session_key character varying(40) NOT NULL,
    session_data text NOT NULL,
    expire_date timestamp with time zone NOT NULL
);


ALTER TABLE public.django_session OWNER TO postgres;

--
-- Name: django_site; Type: TABLE; Schema: public; Owner: postgres
--

CREATE TABLE public.django_site (
    id integer NOT NULL,
    domain character varying(100) NOT NULL,
    name character varying(50) NOT NULL
);


ALTER TABLE public.django_site OWNER TO postgres;

--
-- Name: django_site_id_seq; Type: SEQUENCE; Schema: public; Owner: postgres
--

ALTER TABLE public.django_site ALTER COLUMN id ADD GENERATED BY DEFAULT AS IDENTITY (
    SEQUENCE NAME public.django_site_id_seq
    START WITH 1
    INCREMENT BY 1
    NO MINVALUE
    NO MAXVALUE
    CACHE 1
);


--
-- Name: main_app_customuser; Type: TABLE; Schema: public; Owner: postgres
--

CREATE TABLE public.main_app_customuser (
    password character varying(128) NOT NULL,
    last_login timestamp with time zone,
    is_superuser boolean NOT NULL,
    userid uuid NOT NULL,
    email character varying(254) NOT NULL,
    name character varying(255) NOT NULL,
    is_active boolean NOT NULL,
    is_staff boolean NOT NULL
);


ALTER TABLE public.main_app_customuser OWNER TO postgres;

--
-- Name: main_app_customuser_groups; Type: TABLE; Schema: public; Owner: postgres
--

CREATE TABLE public.main_app_customuser_groups (
    id bigint NOT NULL,
    customuser_id uuid NOT NULL,
    group_id integer NOT NULL
);


ALTER TABLE public.main_app_customuser_groups OWNER TO postgres;

--
-- Name: main_app_customuser_groups_id_seq; Type: SEQUENCE; Schema: public; Owner: postgres
--

ALTER TABLE public.main_app_customuser_groups ALTER COLUMN id ADD GENERATED BY DEFAULT AS IDENTITY (
    SEQUENCE NAME public.main_app_customuser_groups_id_seq
    START WITH 1
    INCREMENT BY 1
    NO MINVALUE
    NO MAXVALUE
    CACHE 1
);


--
-- Name: main_app_customuser_user_permissions; Type: TABLE; Schema: public; Owner: postgres
--

CREATE TABLE public.main_app_customuser_user_permissions (
    id bigint NOT NULL,
    customuser_id uuid NOT NULL,
    permission_id integer NOT NULL
);


ALTER TABLE public.main_app_customuser_user_permissions OWNER TO postgres;

--
-- Name: main_app_customuser_user_permissions_id_seq; Type: SEQUENCE; Schema: public; Owner: postgres
--

ALTER TABLE public.main_app_customuser_user_permissions ALTER COLUMN id ADD GENERATED BY DEFAULT AS IDENTITY (
    SEQUENCE NAME public.main_app_customuser_user_permissions_id_seq
    START WITH 1
    INCREMENT BY 1
    NO MINVALUE
    NO MAXVALUE
    CACHE 1
);


--
-- Name: main_app_profile; Type: TABLE; Schema: public; Owner: postgres
--

CREATE TABLE public.main_app_profile (
    id bigint NOT NULL,
    bio text NOT NULL,
    user_id uuid NOT NULL
);


ALTER TABLE public.main_app_profile OWNER TO postgres;

--
-- Name: main_app_profile_id_seq; Type: SEQUENCE; Schema: public; Owner: postgres
--

ALTER TABLE public.main_app_profile ALTER COLUMN id ADD GENERATED BY DEFAULT AS IDENTITY (
    SEQUENCE NAME public.main_app_profile_id_seq
    START WITH 1
    INCREMENT BY 1
    NO MINVALUE
    NO MAXVALUE
    CACHE 1
);


--
-- Data for Name: auth_group; Type: TABLE DATA; Schema: public; Owner: postgres
--

COPY public.auth_group (id, name) FROM stdin;
\.


--
-- Data for Name: auth_group_permissions; Type: TABLE DATA; Schema: public; Owner: postgres
--

COPY public.auth_group_permissions (id, group_id, permission_id) FROM stdin;
\.


--
-- Data for Name: auth_permission; Type: TABLE DATA; Schema: public; Owner: postgres
--

COPY public.auth_permission (id, name, content_type_id, codename) FROM stdin;
1	Can add log entry	1	add_logentry
2	Can change log entry	1	change_logentry
3	Can delete log entry	1	delete_logentry
4	Can view log entry	1	view_logentry
5	Can add permission	2	add_permission
6	Can change permission	2	change_permission
7	Can delete permission	2	delete_permission
8	Can view permission	2	view_permission
9	Can add group	3	add_group
10	Can change group	3	change_group
11	Can delete group	3	delete_group
12	Can view group	3	view_group
13	Can add content type	4	add_contenttype
14	Can change content type	4	change_contenttype
15	Can delete content type	4	delete_contenttype
16	Can view content type	4	view_contenttype
17	Can add session	5	add_session
18	Can change session	5	change_session
19	Can delete session	5	delete_session
20	Can view session	5	view_session
21	Can add custom user	6	add_customuser
22	Can change custom user	6	change_customuser
23	Can delete custom user	6	delete_customuser
24	Can view custom user	6	view_customuser
25	Can add profile	7	add_profile
26	Can change profile	7	change_profile
27	Can delete profile	7	delete_profile
28	Can view profile	7	view_profile
29	Can add Token	8	add_token
30	Can change Token	8	change_token
31	Can delete Token	8	delete_token
32	Can view Token	8	view_token
33	Can add Token	9	add_tokenproxy
34	Can change Token	9	change_tokenproxy
35	Can delete Token	9	delete_tokenproxy
36	Can view Token	9	view_tokenproxy
37	Can add site	10	add_site
38	Can change site	10	change_site
39	Can delete site	10	delete_site
40	Can view site	10	view_site
41	Can add chapter	11	add_chapter
42	Can change chapter	11	change_chapter
43	Can delete chapter	11	delete_chapter
44	Can view chapter	11	view_chapter
45	Can add course	12	add_course
46	Can change course	12	change_course
47	Can delete course	12	delete_course
48	Can view course	12	view_course
49	Can add exam	13	add_exam
50	Can change exam	13	change_exam
51	Can delete exam	13	delete_exam
52	Can view exam	13	view_exam
53	Can add lecture video	14	add_lecturevideo
54	Can change lecture video	14	change_lecturevideo
55	Can delete lecture video	14	delete_lecturevideo
56	Can view lecture video	14	view_lecturevideo
57	Can add question	15	add_question
58	Can change question	15	change_question
59	Can delete question	15	delete_question
60	Can view question	15	view_question
61	Can add subject	16	add_subject
62	Can change subject	16	change_subject
63	Can delete subject	16	delete_subject
64	Can view subject	16	view_subject
65	Can add user exam data	17	add_userexamdata
66	Can change user exam data	17	change_userexamdata
67	Can delete user exam data	17	delete_userexamdata
68	Can view user exam data	17	view_userexamdata
69	Can add user course data	18	add_usercoursedata
70	Can change user course data	18	change_usercoursedata
71	Can delete user course data	18	delete_usercoursedata
72	Can view user course data	18	view_usercoursedata
\.


--
-- Data for Name: authtoken_token; Type: TABLE DATA; Schema: public; Owner: postgres
--

COPY public.authtoken_token (key, created, user_id) FROM stdin;
\.


--
-- Data for Name: courses_app_chapter; Type: TABLE DATA; Schema: public; Owner: postgres
--

COPY public.courses_app_chapter (id, name, subject_id) FROM stdin;
5a059a81-b56c-40d3-8868-d9755e4b9025	Diversity of the Living World	9ba99f67-e02b-4524-a43e-f961ce7a6652
9fb57dd4-6ae0-476c-bc8e-5d32d2da2760	Structural Organisation in Animals	9ba99f67-e02b-4524-a43e-f961ce7a6652
b6bd3efd-d09d-464a-9e44-1f79cfb94a32	Cell Structure and Function	9ba99f67-e02b-4524-a43e-f961ce7a6652
e1f7a22e-3ee5-4522-98e3-d80018ecaec8	Plant Physiology	9ba99f67-e02b-4524-a43e-f961ce7a6652
be34ac2f-4f70-4fe4-bfbf-7013fdebf932	Human Physiology	9ba99f67-e02b-4524-a43e-f961ce7a6652
41cb32dc-6d08-4a15-a817-28a39dc8d9f2	Reproduction	9ba99f67-e02b-4524-a43e-f961ce7a6652
def514ca-9be6-4276-b4fb-6ca8e9a895e1	Genetics and Evolution	9ba99f67-e02b-4524-a43e-f961ce7a6652
28b49b0b-3a03-4ebf-b5e9-6a08cee20247	Biology and Human Welfare	9ba99f67-e02b-4524-a43e-f961ce7a6652
2c64ff8c-e919-4316-8266-ebd810a1c332	Biotechnology and Its Applications	9ba99f67-e02b-4524-a43e-f961ce7a6652
5cd46164-e625-43cb-aeab-d7f55e37c9e1	Ecology and Environment	9ba99f67-e02b-4524-a43e-f961ce7a6652
bc749d3d-ed31-4d7c-b683-c63993def059	Physical World and Measurement	1a7012a4-4e51-4be2-a4fc-94c42ccb0876
6cc6e5c1-28d6-4970-9044-29c94f09f732	Kinematics	1a7012a4-4e51-4be2-a4fc-94c42ccb0876
e3e60919-2092-4c3a-8877-a6eead15514c	Laws of Motion	1a7012a4-4e51-4be2-a4fc-94c42ccb0876
ce6875f5-034e-4ad4-81b9-fcf79a819451	Work, Energy, and Power	1a7012a4-4e51-4be2-a4fc-94c42ccb0876
6e412ca2-9f79-4217-9d3a-ab96ad7a04c2	Motion of System of Particles and Rigid Body	1a7012a4-4e51-4be2-a4fc-94c42ccb0876
d0fa8fa2-3a32-412c-afee-d1b418c2305b	Gravitation	1a7012a4-4e51-4be2-a4fc-94c42ccb0876
49fe8822-4ee2-4357-8b25-2f887441d687	Properties of Bulk Matter	1a7012a4-4e51-4be2-a4fc-94c42ccb0876
0d587a4b-4431-4cb5-a0e4-df45ce7cd3a9	Thermodynamics	1a7012a4-4e51-4be2-a4fc-94c42ccb0876
9243c795-3860-451b-8a62-48dc3f399598	Behaviour of Perfect Gas and Kinetic Theory	1a7012a4-4e51-4be2-a4fc-94c42ccb0876
c90c3bb8-0c8d-44b5-bb50-b2fc51cd58c6	Oscillations and Waves	1a7012a4-4e51-4be2-a4fc-94c42ccb0876
cefb3347-5169-4e68-8390-2f513d1ca99a	Some Basic Concepts of Chemistry	b1bb3b6d-a2ff-47c9-8ab3-16e0108f07e8
d15c9d6a-aa99-4454-921f-b65decd508e8	Structure of Atom	b1bb3b6d-a2ff-47c9-8ab3-16e0108f07e8
4b219553-6c44-4fe6-9f77-d185074567a9	Classification of Elements and Periodicity in Properties	b1bb3b6d-a2ff-47c9-8ab3-16e0108f07e8
462f7b8f-7520-4f06-935d-8932378e9da3	Chemical Bonding and Molecular Structure	b1bb3b6d-a2ff-47c9-8ab3-16e0108f07e8
4d637d09-a89a-452d-82c3-f008084fb7c3	States of Matter: Gases and Liquids	b1bb3b6d-a2ff-47c9-8ab3-16e0108f07e8
37a5c03a-0f65-4d07-b0e3-2c97eeb57abf	Thermodynamics	b1bb3b6d-a2ff-47c9-8ab3-16e0108f07e8
e38aad1d-5113-407b-8cc7-29b182a71ccc	Equilibrium	b1bb3b6d-a2ff-47c9-8ab3-16e0108f07e8
7ed52769-ed48-430e-91eb-45100dd7380a	Redox Reactions	b1bb3b6d-a2ff-47c9-8ab3-16e0108f07e8
f63b708e-8d2f-4682-a502-a03d657b8979	Hydrogen	b1bb3b6d-a2ff-47c9-8ab3-16e0108f07e8
fc3cf0b6-e95a-4484-baad-e786e4e7cdd8	s-Block Elements (Alkali and Alkaline earth metals)	b1bb3b6d-a2ff-47c9-8ab3-16e0108f07e8
f59de28b-068d-41c0-93ca-aa0e0f9981a3	CHumma DEMo	1a7012a4-4e51-4be2-a4fc-94c42ccb0876
717c636b-5fc2-47db-89fb-e9a0a796a0a2	CHumma DEMo	1a7012a4-4e51-4be2-a4fc-94c42ccb0876
\.


--
-- Data for Name: courses_app_course; Type: TABLE DATA; Schema: public; Owner: postgres
--

COPY public.courses_app_course (course_type, title, description, price, current_price, id, portions, watch_hours, classes, chapters, tests, studymaterials, validity, content_left_1, content_left_2, content_left_3, content_left_4, content_right_1, content_right_2, content_right_3, content_right_4, img) FROM stdin;
Online	NEET 2025 Preparation	This course is designed to provide a comprehensive preparation guide for NEET 2025, covering all the topics from Physics, Chemistry, and Biology with mock tests and practice exercises.	180.00	144.00	52b9655f-58ad-4168-8379-3f841e0c6f8d	14	2300	900	50	50	40	365	Introduction to NEET	Physics - Mechanics & Electricity	Chemistry - Organic Chemistry	Biology - Human Physiology	Chemistry - Physical Chemistry	Physics - Optics & Waves	Biology - Genetics & Evolution	Practice Tests & Revision	course_images/1_4_9inji2V.webp
Online	Introduction to Programming	This course covers the basics of programming with Python, including variables, loops, conditionals, and functions.	100.00	90.00	0dcd4192-bbfc-44b6-b85f-51009d8e721d	10	15	120	30	50	30	365	Introduction to Python	Data Types and Variables	Control Structures	Functions and Methods	Python Syntax	Loops and Conditional Statements	Error Handling	Object-Oriented Programming	course_images/1_5_MQNlFNP.webp
Bootcamp	JEE Advanced Preparation	This intensive bootcamp focuses on advanced topics and problem-solving techniques to help students excel in JEE Advanced exams.	300.00	255.00	385f03b3-b9eb-487d-833b-738aae2108d2	10	1300	170	33	50	200	365	Advanced Physics - Electrodynamics	Advanced Mathematics - Vectors & 3D	Chemistry - Inorganic Chemistry	Physics - Modern Physics	Advanced Chemistry - Coordination Compounds	Mathematics - Differential Equations	Mock Tests and Previous Year Papers	Time Management and Strategy Tips	course_images/1_3_7WoizcJ.webp
Online	JEE Mains 2025 Preparation	A complete course to prepare for JEE Mains 2025, covering all the key subjects: Physics, Chemistry, and Mathematics with in-depth explanations and practice tests.	200.00	180.00	c3517806-8095-42c4-9f3f-4e912c630949	12	900	20	30	50	30	122	Introduction to JEE Mains	Physics - Mechanics	Chemistry - Organic Chemistry	Mathematics - Calculus	Mathematics - Algebra	Physics - Thermodynamics	Chemistry - Physical Chemistry	Mock Tests and Practice Papers	course_images/1_2_9oCzoXc.webp
Bootcamp	JEE Advanced Preparation	This intensive bootcamp focuses on advanced topics and problem-solving techniques to help students excel in JEE Advanced exams.	300.00	255.00	32abf448-9d03-42fe-8f80-ea204de3d78a	10	1300	170	33	50	200	365	Advanced Physics - Electrodynamics	Advanced Mathematics - Vectors & 3D	Chemistry - Inorganic Chemistry	Physics - Modern Physics	Advanced Chemistry - Coordination Compounds	Mathematics - Differential Equations	Mock Tests and Previous Year Papers	Time Management and Strategy Tips	course_images/1_4_8Dx2KU5.webp
\.


--
-- Data for Name: courses_app_exam; Type: TABLE DATA; Schema: public; Owner: postgres
--

COPY public.courses_app_exam (exam_id, exam_title, chapter_id) FROM stdin;
94aa427c-8d2f-4f66-b0b3-9878a4015d75	Exam 1	cefb3347-5169-4e68-8390-2f513d1ca99a
9272c6c1-9ed7-4867-aca6-33ea4e3a0117	Exam 2 - Kinematics	6cc6e5c1-28d6-4970-9044-29c94f09f732
28514389-fd52-4b64-ae6a-569fb73a253c	Exam 2 - Biology	5a059a81-b56c-40d3-8868-d9755e4b9025
\.


--
-- Data for Name: courses_app_lecturevideo; Type: TABLE DATA; Schema: public; Owner: postgres
--

COPY public.courses_app_lecturevideo (id, video_title, video_path, chapter_id) FROM stdin;
\.


--
-- Data for Name: courses_app_question; Type: TABLE DATA; Schema: public; Owner: postgres
--

COPY public.courses_app_question (id, question_text, question_image, option_a_text, option_a_image, option_b_text, option_b_image, option_c_text, option_c_image, option_d_text, option_d_image, correct_answer, concept_involved, solution_text, diagram_image, level, chapter_id, exam_id) FROM stdin;
d1e14950-5986-45dc-92e7-804f3233c324	What is the chemical formula for water?		H2O		H2O2		CO2		O2		A	Chemical Bonding	Water (H2O) is a compound made of two hydrogen atoms bonded to one oxygen atom.		1	5a059a81-b56c-40d3-8868-d9755e4b9025	\N
771cb4ac-4e1b-4b66-a6b7-11b2c2e0b65f	What is the atomic number of Carbon?		6		12		8		4		A	Atomic Structure	The atomic number of Carbon is 6.		1	5a059a81-b56c-40d3-8868-d9755e4b9025	\N
bb286a6f-191a-424d-8339-2eea32aa8e41	Which of the following is the smallest particle of an element?		Atom		Molecule		Ion		Electron		A	Atomic Structure	The smallest particle of an element is an atom.		1	5a059a81-b56c-40d3-8868-d9755e4b9025	\N
c4a2a3c5-88f1-4e70-a4ad-8a36b289930e	What is the most abundant gas in the Earth's atmosphere?		Nitrogen		Oxygen		Carbon Dioxide		Argon		A	Atmospheric Chemistry	Nitrogen makes up about 78% of the Earth's atmosphere.		1	5a059a81-b56c-40d3-8868-d9755e4b9025	\N
e7019dc1-0f82-4d1c-810f-6c3de858fe8d	Which of the following elements is a halogen?		Fluorine		Oxygen		Calcium		Neon		A	Periodic Table	Fluorine is a halogen, found in group 17 of the periodic table.		1	5a059a81-b56c-40d3-8868-d9755e4b9025	\N
182e6055-762d-4be7-aa87-6bfce8893ab0	What is the charge of an electron?		-1		+1		0		-2		A	Atomic Structure	An electron carries a negative charge of -1.		1	5a059a81-b56c-40d3-8868-d9755e4b9025	\N
46549279-4d2d-4c38-ac97-d55bb18cc2b9	What is the boiling point of water?		100°C		0°C		50°C		150°C		A	Thermodynamics	The boiling point of water is 100°C at 1 atmosphere of pressure.		1	5a059a81-b56c-40d3-8868-d9755e4b9025	\N
e37d7d45-6782-4765-8777-1e408152c003	What is the formula for speed?		Distance / Time		Time / Distance		Distance * Time		Time * Speed		A	Speed and Velocity	Speed is calculated by dividing the distance traveled by the time taken.		1	6cc6e5c1-28d6-4970-9044-29c94f09f732	\N
dc30f11b-5abe-4d0f-96fb-7190e5100ecb	What does uniform motion mean?		Motion with constant speed		Motion with increasing speed		Motion with changing direction		Motion with zero velocity		A	Types of Motion	Uniform motion refers to motion with constant speed in a straight line.		1	6cc6e5c1-28d6-4970-9044-29c94f09f732	\N
b927894a-63f8-4844-930d-f401ae35d6f5	If an object starts from rest and accelerates uniformly, what is the formula for its final velocity?		v = u + at		v = u - at		v = u + at^2		v = u * at		A	Equations of Motion	The formula for final velocity in uniformly accelerated motion is v = u + at, where u is the initial velocity, a is the acceleration, and t is the time.		1	6cc6e5c1-28d6-4970-9044-29c94f09f732	\N
29bb68f9-1782-4fd8-a8d2-b00753d24fe2	What is the acceleration of an object in free fall near the Earth's surface?		9.8 m/s²		9.8 km/h²		0 m/s²		10 m/s²		A	Acceleration due to Gravity	The acceleration due to gravity near the Earth's surface is approximately 9.8 m/s².		1	6cc6e5c1-28d6-4970-9044-29c94f09f732	\N
056209dd-8dbb-49aa-ac31-fff63a63c418	An object moves with constant velocity. What is its acceleration?		Zero		Positive		Negative		Varies with time		A	Uniform Motion	When an object moves with constant velocity, its acceleration is zero.		1	6cc6e5c1-28d6-4970-9044-29c94f09f732	\N
f7547e85-6f03-4c96-89fd-a1d10cf85fc2	What is the atomic number of an element?		The number of protons in an atom		The number of neutrons in an atom		The number of electrons in an atom		The sum of protons and neutrons		A	Atomic Structure	The atomic number of an element is the number of protons in the nucleus of an atom.		1	cefb3347-5169-4e68-8390-2f513d1ca99a	\N
07525c33-ba00-4710-97a5-3e54ddf597b2	What is the name of the molecule H2O?		Water		Hydrogen Peroxide		Hydrogen		Oxygen		A	Chemical Compounds	H2O is the chemical formula for water.		1	cefb3347-5169-4e68-8390-2f513d1ca99a	\N
5fafe56b-3502-45ac-b326-0c606f91638e	Which of the following is a physical change?		Melting of ice		Rusting of iron		Burning of wood		Digestion of food		A	Physical and Chemical Changes	Melting of ice is a physical change because it only alters the state of water without changing its chemical composition.		1	cefb3347-5169-4e68-8390-2f513d1ca99a	\N
5a6e1fd4-5cd7-4fa3-a5c4-9d9afcd9c964	What is the pH of pure water?		7		0		14		5		A	Acids, Bases, and pH	The pH of pure water is 7, which is considered neutral.		1	cefb3347-5169-4e68-8390-2f513d1ca99a	\N
c2f821bb-8025-4a10-8388-793869855aa6	Which of the following elements is a noble gas?		Helium		Oxygen		Nitrogen		Chlorine		A	Periodic Table	Helium is a noble gas, which is chemically inert and found in group 18 of the periodic table.		1	cefb3347-5169-4e68-8390-2f513d1ca99a	\N
\.


--
-- Data for Name: courses_app_subject; Type: TABLE DATA; Schema: public; Owner: postgres
--

COPY public.courses_app_subject (id, name, type, course_id) FROM stdin;
1a7012a4-4e51-4be2-a4fc-94c42ccb0876	Physics	NEET	52b9655f-58ad-4168-8379-3f841e0c6f8d
b1bb3b6d-a2ff-47c9-8ab3-16e0108f07e8	Chemistry	NEET	52b9655f-58ad-4168-8379-3f841e0c6f8d
9ba99f67-e02b-4524-a43e-f961ce7a6652	Biology	NEET	52b9655f-58ad-4168-8379-3f841e0c6f8d
\.


--
-- Data for Name: courses_app_usercoursedata; Type: TABLE DATA; Schema: public; Owner: postgres
--

COPY public.courses_app_usercoursedata (id, progress, course_id, user_id) FROM stdin;
1	0	52b9655f-58ad-4168-8379-3f841e0c6f8d	ba205f53-fcac-42ee-af5c-7ab3eb7440ed
\.


--
-- Data for Name: courses_app_userexamdata; Type: TABLE DATA; Schema: public; Owner: postgres
--

COPY public.courses_app_userexamdata (id, exam_id, current_question_index, answers, visited, marked_for_review, time_remaining, is_timer_running, is_submitted, is_active, attempt_number, user_id) FROM stdin;
8	28514389-fd52-4b64-ae6a-569fb73a253c	1	{}	[]	[]	1682	f	f	t	1	ba205f53-fcac-42ee-af5c-7ab3eb7440ed
9	9272c6c1-9ed7-4867-aca6-33ea4e3a0117	1	{}	[]	[]	1794	f	f	t	1	ba205f53-fcac-42ee-af5c-7ab3eb7440ed
7	94aa427c-8d2f-4f66-b0b3-9878a4015d75	4	{"1": "A", "2": "A", "3": "D", "4": "A"}	[1, 2, 3, 4]	[]	1782	f	t	t	1	ba205f53-fcac-42ee-af5c-7ab3eb7440ed
\.


--
-- Data for Name: django_admin_log; Type: TABLE DATA; Schema: public; Owner: postgres
--

COPY public.django_admin_log (id, action_time, object_id, object_repr, action_flag, change_message, content_type_id, user_id) FROM stdin;
\.


--
-- Data for Name: django_content_type; Type: TABLE DATA; Schema: public; Owner: postgres
--

COPY public.django_content_type (id, app_label, model) FROM stdin;
1	admin	logentry
2	auth	permission
3	auth	group
4	contenttypes	contenttype
5	sessions	session
6	main_app	customuser
7	main_app	profile
8	authtoken	token
9	authtoken	tokenproxy
10	sites	site
11	courses_app	chapter
12	courses_app	course
13	courses_app	exam
14	courses_app	lecturevideo
15	courses_app	question
16	courses_app	subject
17	courses_app	userexamdata
18	courses_app	usercoursedata
\.


--
-- Data for Name: django_migrations; Type: TABLE DATA; Schema: public; Owner: postgres
--

COPY public.django_migrations (id, app, name, applied) FROM stdin;
1	contenttypes	0001_initial	2025-01-13 03:10:49.232162+05:30
2	contenttypes	0002_remove_content_type_name	2025-01-13 03:10:49.236841+05:30
3	auth	0001_initial	2025-01-13 03:10:49.261191+05:30
4	auth	0002_alter_permission_name_max_length	2025-01-13 03:10:49.264011+05:30
5	auth	0003_alter_user_email_max_length	2025-01-13 03:10:49.267574+05:30
6	auth	0004_alter_user_username_opts	2025-01-13 03:10:49.270367+05:30
7	auth	0005_alter_user_last_login_null	2025-01-13 03:10:49.27355+05:30
8	auth	0006_require_contenttypes_0002	2025-01-13 03:10:49.274848+05:30
9	auth	0007_alter_validators_add_error_messages	2025-01-13 03:10:49.277754+05:30
10	auth	0008_alter_user_username_max_length	2025-01-13 03:10:49.281422+05:30
11	auth	0009_alter_user_last_name_max_length	2025-01-13 03:10:49.288133+05:30
12	auth	0010_alter_group_name_max_length	2025-01-13 03:10:49.294105+05:30
13	auth	0011_update_proxy_permissions	2025-01-13 03:10:49.297434+05:30
14	auth	0012_alter_user_first_name_max_length	2025-01-13 03:10:49.301245+05:30
15	main_app	0001_initial	2025-01-13 03:10:49.332363+05:30
16	admin	0001_initial	2025-01-13 03:10:49.344629+05:30
17	admin	0002_logentry_remove_auto_add	2025-01-13 03:10:49.350343+05:30
18	admin	0003_logentry_add_action_flag_choices	2025-01-13 03:10:49.354805+05:30
19	authtoken	0001_initial	2025-01-13 03:10:49.36759+05:30
20	authtoken	0002_auto_20160226_1747	2025-01-13 03:10:49.381278+05:30
21	authtoken	0003_tokenproxy	2025-01-13 03:10:49.383824+05:30
22	authtoken	0004_alter_tokenproxy_options	2025-01-13 03:10:49.388124+05:30
23	courses_app	0001_initial	2025-01-13 03:10:49.44218+05:30
24	sessions	0001_initial	2025-01-13 03:10:49.448793+05:30
25	sites	0001_initial	2025-01-13 03:10:49.453514+05:30
26	sites	0002_alter_domain_unique	2025-01-13 03:10:49.460537+05:30
\.


--
-- Data for Name: django_session; Type: TABLE DATA; Schema: public; Owner: postgres
--

COPY public.django_session (session_key, session_data, expire_date) FROM stdin;
\.


--
-- Data for Name: django_site; Type: TABLE DATA; Schema: public; Owner: postgres
--

COPY public.django_site (id, domain, name) FROM stdin;
1	example.com	example.com
\.


--
-- Data for Name: main_app_customuser; Type: TABLE DATA; Schema: public; Owner: postgres
--

COPY public.main_app_customuser (password, last_login, is_superuser, userid, email, name, is_active, is_staff) FROM stdin;
pbkdf2_sha256$870000$zijzSB5rCj1P6EUwTIVXBr$GJmm5dyZhgCLXIRzue/kmtN+Qo/LYLHMGn4UfQl57go=	\N	f	ba205f53-fcac-42ee-af5c-7ab3eb7440ed	richiejames955@gmail.com	Richie	t	f
\.


--
-- Data for Name: main_app_customuser_groups; Type: TABLE DATA; Schema: public; Owner: postgres
--

COPY public.main_app_customuser_groups (id, customuser_id, group_id) FROM stdin;
\.


--
-- Data for Name: main_app_customuser_user_permissions; Type: TABLE DATA; Schema: public; Owner: postgres
--

COPY public.main_app_customuser_user_permissions (id, customuser_id, permission_id) FROM stdin;
\.


--
-- Data for Name: main_app_profile; Type: TABLE DATA; Schema: public; Owner: postgres
--

COPY public.main_app_profile (id, bio, user_id) FROM stdin;
\.


--
-- Name: auth_group_id_seq; Type: SEQUENCE SET; Schema: public; Owner: postgres
--

SELECT pg_catalog.setval('public.auth_group_id_seq', 1, false);


--
-- Name: auth_group_permissions_id_seq; Type: SEQUENCE SET; Schema: public; Owner: postgres
--

SELECT pg_catalog.setval('public.auth_group_permissions_id_seq', 1, false);


--
-- Name: auth_permission_id_seq; Type: SEQUENCE SET; Schema: public; Owner: postgres
--

SELECT pg_catalog.setval('public.auth_permission_id_seq', 72, true);


--
-- Name: courses_app_lecturevideo_id_seq; Type: SEQUENCE SET; Schema: public; Owner: postgres
--

SELECT pg_catalog.setval('public.courses_app_lecturevideo_id_seq', 1, false);


--
-- Name: courses_app_usercoursedata_id_seq; Type: SEQUENCE SET; Schema: public; Owner: postgres
--

SELECT pg_catalog.setval('public.courses_app_usercoursedata_id_seq', 1, true);


--
-- Name: courses_app_userexamdata_id_seq; Type: SEQUENCE SET; Schema: public; Owner: postgres
--

SELECT pg_catalog.setval('public.courses_app_userexamdata_id_seq', 9, true);


--
-- Name: django_admin_log_id_seq; Type: SEQUENCE SET; Schema: public; Owner: postgres
--

SELECT pg_catalog.setval('public.django_admin_log_id_seq', 1, false);


--
-- Name: django_content_type_id_seq; Type: SEQUENCE SET; Schema: public; Owner: postgres
--

SELECT pg_catalog.setval('public.django_content_type_id_seq', 18, true);


--
-- Name: django_migrations_id_seq; Type: SEQUENCE SET; Schema: public; Owner: postgres
--

SELECT pg_catalog.setval('public.django_migrations_id_seq', 26, true);


--
-- Name: django_site_id_seq; Type: SEQUENCE SET; Schema: public; Owner: postgres
--

SELECT pg_catalog.setval('public.django_site_id_seq', 1, true);


--
-- Name: main_app_customuser_groups_id_seq; Type: SEQUENCE SET; Schema: public; Owner: postgres
--

SELECT pg_catalog.setval('public.main_app_customuser_groups_id_seq', 1, false);


--
-- Name: main_app_customuser_user_permissions_id_seq; Type: SEQUENCE SET; Schema: public; Owner: postgres
--

SELECT pg_catalog.setval('public.main_app_customuser_user_permissions_id_seq', 1, false);


--
-- Name: main_app_profile_id_seq; Type: SEQUENCE SET; Schema: public; Owner: postgres
--

SELECT pg_catalog.setval('public.main_app_profile_id_seq', 1, false);


--
-- Name: auth_group auth_group_name_key; Type: CONSTRAINT; Schema: public; Owner: postgres
--

ALTER TABLE ONLY public.auth_group
    ADD CONSTRAINT auth_group_name_key UNIQUE (name);


--
-- Name: auth_group_permissions auth_group_permissions_group_id_permission_id_0cd325b0_uniq; Type: CONSTRAINT; Schema: public; Owner: postgres
--

ALTER TABLE ONLY public.auth_group_permissions
    ADD CONSTRAINT auth_group_permissions_group_id_permission_id_0cd325b0_uniq UNIQUE (group_id, permission_id);


--
-- Name: auth_group_permissions auth_group_permissions_pkey; Type: CONSTRAINT; Schema: public; Owner: postgres
--

ALTER TABLE ONLY public.auth_group_permissions
    ADD CONSTRAINT auth_group_permissions_pkey PRIMARY KEY (id);


--
-- Name: auth_group auth_group_pkey; Type: CONSTRAINT; Schema: public; Owner: postgres
--

ALTER TABLE ONLY public.auth_group
    ADD CONSTRAINT auth_group_pkey PRIMARY KEY (id);


--
-- Name: auth_permission auth_permission_content_type_id_codename_01ab375a_uniq; Type: CONSTRAINT; Schema: public; Owner: postgres
--

ALTER TABLE ONLY public.auth_permission
    ADD CONSTRAINT auth_permission_content_type_id_codename_01ab375a_uniq UNIQUE (content_type_id, codename);


--
-- Name: auth_permission auth_permission_pkey; Type: CONSTRAINT; Schema: public; Owner: postgres
--

ALTER TABLE ONLY public.auth_permission
    ADD CONSTRAINT auth_permission_pkey PRIMARY KEY (id);


--
-- Name: authtoken_token authtoken_token_pkey; Type: CONSTRAINT; Schema: public; Owner: postgres
--

ALTER TABLE ONLY public.authtoken_token
    ADD CONSTRAINT authtoken_token_pkey PRIMARY KEY (key);


--
-- Name: authtoken_token authtoken_token_user_id_key; Type: CONSTRAINT; Schema: public; Owner: postgres
--

ALTER TABLE ONLY public.authtoken_token
    ADD CONSTRAINT authtoken_token_user_id_key UNIQUE (user_id);


--
-- Name: courses_app_chapter courses_app_chapter_pkey; Type: CONSTRAINT; Schema: public; Owner: postgres
--

ALTER TABLE ONLY public.courses_app_chapter
    ADD CONSTRAINT courses_app_chapter_pkey PRIMARY KEY (id);


--
-- Name: courses_app_course courses_app_course_pkey; Type: CONSTRAINT; Schema: public; Owner: postgres
--

ALTER TABLE ONLY public.courses_app_course
    ADD CONSTRAINT courses_app_course_pkey PRIMARY KEY (id);


--
-- Name: courses_app_exam courses_app_exam_pkey; Type: CONSTRAINT; Schema: public; Owner: postgres
--

ALTER TABLE ONLY public.courses_app_exam
    ADD CONSTRAINT courses_app_exam_pkey PRIMARY KEY (exam_id);


--
-- Name: courses_app_lecturevideo courses_app_lecturevideo_pkey; Type: CONSTRAINT; Schema: public; Owner: postgres
--

ALTER TABLE ONLY public.courses_app_lecturevideo
    ADD CONSTRAINT courses_app_lecturevideo_pkey PRIMARY KEY (id);


--
-- Name: courses_app_question courses_app_question_pkey; Type: CONSTRAINT; Schema: public; Owner: postgres
--

ALTER TABLE ONLY public.courses_app_question
    ADD CONSTRAINT courses_app_question_pkey PRIMARY KEY (id);


--
-- Name: courses_app_subject courses_app_subject_pkey; Type: CONSTRAINT; Schema: public; Owner: postgres
--

ALTER TABLE ONLY public.courses_app_subject
    ADD CONSTRAINT courses_app_subject_pkey PRIMARY KEY (id);


--
-- Name: courses_app_usercoursedata courses_app_usercoursedata_pkey; Type: CONSTRAINT; Schema: public; Owner: postgres
--

ALTER TABLE ONLY public.courses_app_usercoursedata
    ADD CONSTRAINT courses_app_usercoursedata_pkey PRIMARY KEY (id);


--
-- Name: courses_app_userexamdata courses_app_userexamdata_pkey; Type: CONSTRAINT; Schema: public; Owner: postgres
--

ALTER TABLE ONLY public.courses_app_userexamdata
    ADD CONSTRAINT courses_app_userexamdata_pkey PRIMARY KEY (id);


--
-- Name: django_admin_log django_admin_log_pkey; Type: CONSTRAINT; Schema: public; Owner: postgres
--

ALTER TABLE ONLY public.django_admin_log
    ADD CONSTRAINT django_admin_log_pkey PRIMARY KEY (id);


--
-- Name: django_content_type django_content_type_app_label_model_76bd3d3b_uniq; Type: CONSTRAINT; Schema: public; Owner: postgres
--

ALTER TABLE ONLY public.django_content_type
    ADD CONSTRAINT django_content_type_app_label_model_76bd3d3b_uniq UNIQUE (app_label, model);


--
-- Name: django_content_type django_content_type_pkey; Type: CONSTRAINT; Schema: public; Owner: postgres
--

ALTER TABLE ONLY public.django_content_type
    ADD CONSTRAINT django_content_type_pkey PRIMARY KEY (id);


--
-- Name: django_migrations django_migrations_pkey; Type: CONSTRAINT; Schema: public; Owner: postgres
--

ALTER TABLE ONLY public.django_migrations
    ADD CONSTRAINT django_migrations_pkey PRIMARY KEY (id);


--
-- Name: django_session django_session_pkey; Type: CONSTRAINT; Schema: public; Owner: postgres
--

ALTER TABLE ONLY public.django_session
    ADD CONSTRAINT django_session_pkey PRIMARY KEY (session_key);


--
-- Name: django_site django_site_domain_a2e37b91_uniq; Type: CONSTRAINT; Schema: public; Owner: postgres
--

ALTER TABLE ONLY public.django_site
    ADD CONSTRAINT django_site_domain_a2e37b91_uniq UNIQUE (domain);


--
-- Name: django_site django_site_pkey; Type: CONSTRAINT; Schema: public; Owner: postgres
--

ALTER TABLE ONLY public.django_site
    ADD CONSTRAINT django_site_pkey PRIMARY KEY (id);


--
-- Name: main_app_customuser main_app_customuser_email_key; Type: CONSTRAINT; Schema: public; Owner: postgres
--

ALTER TABLE ONLY public.main_app_customuser
    ADD CONSTRAINT main_app_customuser_email_key UNIQUE (email);


--
-- Name: main_app_customuser_groups main_app_customuser_groups_customuser_id_group_id_6dd2b9a7_uniq; Type: CONSTRAINT; Schema: public; Owner: postgres
--

ALTER TABLE ONLY public.main_app_customuser_groups
    ADD CONSTRAINT main_app_customuser_groups_customuser_id_group_id_6dd2b9a7_uniq UNIQUE (customuser_id, group_id);


--
-- Name: main_app_customuser_groups main_app_customuser_groups_pkey; Type: CONSTRAINT; Schema: public; Owner: postgres
--

ALTER TABLE ONLY public.main_app_customuser_groups
    ADD CONSTRAINT main_app_customuser_groups_pkey PRIMARY KEY (id);


--
-- Name: main_app_customuser main_app_customuser_pkey; Type: CONSTRAINT; Schema: public; Owner: postgres
--

ALTER TABLE ONLY public.main_app_customuser
    ADD CONSTRAINT main_app_customuser_pkey PRIMARY KEY (userid);


--
-- Name: main_app_customuser_user_permissions main_app_customuser_user_customuser_id_permission_0bd2d638_uniq; Type: CONSTRAINT; Schema: public; Owner: postgres
--

ALTER TABLE ONLY public.main_app_customuser_user_permissions
    ADD CONSTRAINT main_app_customuser_user_customuser_id_permission_0bd2d638_uniq UNIQUE (customuser_id, permission_id);


--
-- Name: main_app_customuser_user_permissions main_app_customuser_user_permissions_pkey; Type: CONSTRAINT; Schema: public; Owner: postgres
--

ALTER TABLE ONLY public.main_app_customuser_user_permissions
    ADD CONSTRAINT main_app_customuser_user_permissions_pkey PRIMARY KEY (id);


--
-- Name: main_app_profile main_app_profile_pkey; Type: CONSTRAINT; Schema: public; Owner: postgres
--

ALTER TABLE ONLY public.main_app_profile
    ADD CONSTRAINT main_app_profile_pkey PRIMARY KEY (id);


--
-- Name: main_app_profile main_app_profile_user_id_key; Type: CONSTRAINT; Schema: public; Owner: postgres
--

ALTER TABLE ONLY public.main_app_profile
    ADD CONSTRAINT main_app_profile_user_id_key UNIQUE (user_id);


--
-- Name: courses_app_usercoursedata unique_user_course_purchase; Type: CONSTRAINT; Schema: public; Owner: postgres
--

ALTER TABLE ONLY public.courses_app_usercoursedata
    ADD CONSTRAINT unique_user_course_purchase UNIQUE (user_id, course_id);


--
-- Name: auth_group_name_a6ea08ec_like; Type: INDEX; Schema: public; Owner: postgres
--

CREATE INDEX auth_group_name_a6ea08ec_like ON public.auth_group USING btree (name varchar_pattern_ops);


--
-- Name: auth_group_permissions_group_id_b120cbf9; Type: INDEX; Schema: public; Owner: postgres
--

CREATE INDEX auth_group_permissions_group_id_b120cbf9 ON public.auth_group_permissions USING btree (group_id);


--
-- Name: auth_group_permissions_permission_id_84c5c92e; Type: INDEX; Schema: public; Owner: postgres
--

CREATE INDEX auth_group_permissions_permission_id_84c5c92e ON public.auth_group_permissions USING btree (permission_id);


--
-- Name: auth_permission_content_type_id_2f476e4b; Type: INDEX; Schema: public; Owner: postgres
--

CREATE INDEX auth_permission_content_type_id_2f476e4b ON public.auth_permission USING btree (content_type_id);


--
-- Name: authtoken_token_key_10f0b77e_like; Type: INDEX; Schema: public; Owner: postgres
--

CREATE INDEX authtoken_token_key_10f0b77e_like ON public.authtoken_token USING btree (key varchar_pattern_ops);


--
-- Name: courses_app_chapter_subject_id_90670b29; Type: INDEX; Schema: public; Owner: postgres
--

CREATE INDEX courses_app_chapter_subject_id_90670b29 ON public.courses_app_chapter USING btree (subject_id);


--
-- Name: courses_app_exam_chapter_id_744960d0; Type: INDEX; Schema: public; Owner: postgres
--

CREATE INDEX courses_app_exam_chapter_id_744960d0 ON public.courses_app_exam USING btree (chapter_id);


--
-- Name: courses_app_lecturevideo_chapter_id_5b639922; Type: INDEX; Schema: public; Owner: postgres
--

CREATE INDEX courses_app_lecturevideo_chapter_id_5b639922 ON public.courses_app_lecturevideo USING btree (chapter_id);


--
-- Name: courses_app_question_chapter_id_15d4d0f7; Type: INDEX; Schema: public; Owner: postgres
--

CREATE INDEX courses_app_question_chapter_id_15d4d0f7 ON public.courses_app_question USING btree (chapter_id);


--
-- Name: courses_app_question_exam_id_dcf2e83a; Type: INDEX; Schema: public; Owner: postgres
--

CREATE INDEX courses_app_question_exam_id_dcf2e83a ON public.courses_app_question USING btree (exam_id);


--
-- Name: courses_app_subject_course_id_8bf0b595; Type: INDEX; Schema: public; Owner: postgres
--

CREATE INDEX courses_app_subject_course_id_8bf0b595 ON public.courses_app_subject USING btree (course_id);


--
-- Name: courses_app_usercoursedata_course_id_49f56961; Type: INDEX; Schema: public; Owner: postgres
--

CREATE INDEX courses_app_usercoursedata_course_id_49f56961 ON public.courses_app_usercoursedata USING btree (course_id);


--
-- Name: courses_app_usercoursedata_user_id_49b74af4; Type: INDEX; Schema: public; Owner: postgres
--

CREATE INDEX courses_app_usercoursedata_user_id_49b74af4 ON public.courses_app_usercoursedata USING btree (user_id);


--
-- Name: courses_app_userexamdata_user_id_636b5a25; Type: INDEX; Schema: public; Owner: postgres
--

CREATE INDEX courses_app_userexamdata_user_id_636b5a25 ON public.courses_app_userexamdata USING btree (user_id);


--
-- Name: django_admin_log_content_type_id_c4bce8eb; Type: INDEX; Schema: public; Owner: postgres
--

CREATE INDEX django_admin_log_content_type_id_c4bce8eb ON public.django_admin_log USING btree (content_type_id);


--
-- Name: django_admin_log_user_id_c564eba6; Type: INDEX; Schema: public; Owner: postgres
--

CREATE INDEX django_admin_log_user_id_c564eba6 ON public.django_admin_log USING btree (user_id);


--
-- Name: django_session_expire_date_a5c62663; Type: INDEX; Schema: public; Owner: postgres
--

CREATE INDEX django_session_expire_date_a5c62663 ON public.django_session USING btree (expire_date);


--
-- Name: django_session_session_key_c0390e0f_like; Type: INDEX; Schema: public; Owner: postgres
--

CREATE INDEX django_session_session_key_c0390e0f_like ON public.django_session USING btree (session_key varchar_pattern_ops);


--
-- Name: django_site_domain_a2e37b91_like; Type: INDEX; Schema: public; Owner: postgres
--

CREATE INDEX django_site_domain_a2e37b91_like ON public.django_site USING btree (domain varchar_pattern_ops);


--
-- Name: main_app_customuser_email_e6c80404_like; Type: INDEX; Schema: public; Owner: postgres
--

CREATE INDEX main_app_customuser_email_e6c80404_like ON public.main_app_customuser USING btree (email varchar_pattern_ops);


--
-- Name: main_app_customuser_groups_customuser_id_9d75aa94; Type: INDEX; Schema: public; Owner: postgres
--

CREATE INDEX main_app_customuser_groups_customuser_id_9d75aa94 ON public.main_app_customuser_groups USING btree (customuser_id);


--
-- Name: main_app_customuser_groups_group_id_9ee498f4; Type: INDEX; Schema: public; Owner: postgres
--

CREATE INDEX main_app_customuser_groups_group_id_9ee498f4 ON public.main_app_customuser_groups USING btree (group_id);


--
-- Name: main_app_customuser_user_permissions_customuser_id_b28fdeb1; Type: INDEX; Schema: public; Owner: postgres
--

CREATE INDEX main_app_customuser_user_permissions_customuser_id_b28fdeb1 ON public.main_app_customuser_user_permissions USING btree (customuser_id);


--
-- Name: main_app_customuser_user_permissions_permission_id_595e7ce3; Type: INDEX; Schema: public; Owner: postgres
--

CREATE INDEX main_app_customuser_user_permissions_permission_id_595e7ce3 ON public.main_app_customuser_user_permissions USING btree (permission_id);


--
-- Name: auth_group_permissions auth_group_permissio_permission_id_84c5c92e_fk_auth_perm; Type: FK CONSTRAINT; Schema: public; Owner: postgres
--

ALTER TABLE ONLY public.auth_group_permissions
    ADD CONSTRAINT auth_group_permissio_permission_id_84c5c92e_fk_auth_perm FOREIGN KEY (permission_id) REFERENCES public.auth_permission(id) DEFERRABLE INITIALLY DEFERRED;


--
-- Name: auth_group_permissions auth_group_permissions_group_id_b120cbf9_fk_auth_group_id; Type: FK CONSTRAINT; Schema: public; Owner: postgres
--

ALTER TABLE ONLY public.auth_group_permissions
    ADD CONSTRAINT auth_group_permissions_group_id_b120cbf9_fk_auth_group_id FOREIGN KEY (group_id) REFERENCES public.auth_group(id) DEFERRABLE INITIALLY DEFERRED;


--
-- Name: auth_permission auth_permission_content_type_id_2f476e4b_fk_django_co; Type: FK CONSTRAINT; Schema: public; Owner: postgres
--

ALTER TABLE ONLY public.auth_permission
    ADD CONSTRAINT auth_permission_content_type_id_2f476e4b_fk_django_co FOREIGN KEY (content_type_id) REFERENCES public.django_content_type(id) DEFERRABLE INITIALLY DEFERRED;


--
-- Name: authtoken_token authtoken_token_user_id_35299eff_fk_main_app_customuser_userid; Type: FK CONSTRAINT; Schema: public; Owner: postgres
--

ALTER TABLE ONLY public.authtoken_token
    ADD CONSTRAINT authtoken_token_user_id_35299eff_fk_main_app_customuser_userid FOREIGN KEY (user_id) REFERENCES public.main_app_customuser(userid) DEFERRABLE INITIALLY DEFERRED;


--
-- Name: courses_app_chapter courses_app_chapter_subject_id_90670b29_fk_courses_a; Type: FK CONSTRAINT; Schema: public; Owner: postgres
--

ALTER TABLE ONLY public.courses_app_chapter
    ADD CONSTRAINT courses_app_chapter_subject_id_90670b29_fk_courses_a FOREIGN KEY (subject_id) REFERENCES public.courses_app_subject(id) DEFERRABLE INITIALLY DEFERRED;


--
-- Name: courses_app_exam courses_app_exam_chapter_id_744960d0_fk_courses_app_chapter_id; Type: FK CONSTRAINT; Schema: public; Owner: postgres
--

ALTER TABLE ONLY public.courses_app_exam
    ADD CONSTRAINT courses_app_exam_chapter_id_744960d0_fk_courses_app_chapter_id FOREIGN KEY (chapter_id) REFERENCES public.courses_app_chapter(id) DEFERRABLE INITIALLY DEFERRED;


--
-- Name: courses_app_lecturevideo courses_app_lecturev_chapter_id_5b639922_fk_courses_a; Type: FK CONSTRAINT; Schema: public; Owner: postgres
--

ALTER TABLE ONLY public.courses_app_lecturevideo
    ADD CONSTRAINT courses_app_lecturev_chapter_id_5b639922_fk_courses_a FOREIGN KEY (chapter_id) REFERENCES public.courses_app_chapter(id) DEFERRABLE INITIALLY DEFERRED;


--
-- Name: courses_app_question courses_app_question_chapter_id_15d4d0f7_fk_courses_a; Type: FK CONSTRAINT; Schema: public; Owner: postgres
--

ALTER TABLE ONLY public.courses_app_question
    ADD CONSTRAINT courses_app_question_chapter_id_15d4d0f7_fk_courses_a FOREIGN KEY (chapter_id) REFERENCES public.courses_app_chapter(id) DEFERRABLE INITIALLY DEFERRED;


--
-- Name: courses_app_question courses_app_question_exam_id_dcf2e83a_fk_courses_a; Type: FK CONSTRAINT; Schema: public; Owner: postgres
--

ALTER TABLE ONLY public.courses_app_question
    ADD CONSTRAINT courses_app_question_exam_id_dcf2e83a_fk_courses_a FOREIGN KEY (exam_id) REFERENCES public.courses_app_exam(exam_id) DEFERRABLE INITIALLY DEFERRED;


--
-- Name: courses_app_subject courses_app_subject_course_id_8bf0b595_fk_courses_app_course_id; Type: FK CONSTRAINT; Schema: public; Owner: postgres
--

ALTER TABLE ONLY public.courses_app_subject
    ADD CONSTRAINT courses_app_subject_course_id_8bf0b595_fk_courses_app_course_id FOREIGN KEY (course_id) REFERENCES public.courses_app_course(id) DEFERRABLE INITIALLY DEFERRED;


--
-- Name: courses_app_usercoursedata courses_app_usercour_course_id_49f56961_fk_courses_a; Type: FK CONSTRAINT; Schema: public; Owner: postgres
--

ALTER TABLE ONLY public.courses_app_usercoursedata
    ADD CONSTRAINT courses_app_usercour_course_id_49f56961_fk_courses_a FOREIGN KEY (course_id) REFERENCES public.courses_app_course(id) DEFERRABLE INITIALLY DEFERRED;


--
-- Name: courses_app_usercoursedata courses_app_usercour_user_id_49b74af4_fk_main_app_; Type: FK CONSTRAINT; Schema: public; Owner: postgres
--

ALTER TABLE ONLY public.courses_app_usercoursedata
    ADD CONSTRAINT courses_app_usercour_user_id_49b74af4_fk_main_app_ FOREIGN KEY (user_id) REFERENCES public.main_app_customuser(userid) DEFERRABLE INITIALLY DEFERRED;


--
-- Name: courses_app_userexamdata courses_app_userexam_user_id_636b5a25_fk_main_app_; Type: FK CONSTRAINT; Schema: public; Owner: postgres
--

ALTER TABLE ONLY public.courses_app_userexamdata
    ADD CONSTRAINT courses_app_userexam_user_id_636b5a25_fk_main_app_ FOREIGN KEY (user_id) REFERENCES public.main_app_customuser(userid) DEFERRABLE INITIALLY DEFERRED;


--
-- Name: django_admin_log django_admin_log_content_type_id_c4bce8eb_fk_django_co; Type: FK CONSTRAINT; Schema: public; Owner: postgres
--

ALTER TABLE ONLY public.django_admin_log
    ADD CONSTRAINT django_admin_log_content_type_id_c4bce8eb_fk_django_co FOREIGN KEY (content_type_id) REFERENCES public.django_content_type(id) DEFERRABLE INITIALLY DEFERRED;


--
-- Name: django_admin_log django_admin_log_user_id_c564eba6_fk_main_app_customuser_userid; Type: FK CONSTRAINT; Schema: public; Owner: postgres
--

ALTER TABLE ONLY public.django_admin_log
    ADD CONSTRAINT django_admin_log_user_id_c564eba6_fk_main_app_customuser_userid FOREIGN KEY (user_id) REFERENCES public.main_app_customuser(userid) DEFERRABLE INITIALLY DEFERRED;


--
-- Name: main_app_customuser_groups main_app_customuser__customuser_id_9d75aa94_fk_main_app_; Type: FK CONSTRAINT; Schema: public; Owner: postgres
--

ALTER TABLE ONLY public.main_app_customuser_groups
    ADD CONSTRAINT main_app_customuser__customuser_id_9d75aa94_fk_main_app_ FOREIGN KEY (customuser_id) REFERENCES public.main_app_customuser(userid) DEFERRABLE INITIALLY DEFERRED;


--
-- Name: main_app_customuser_user_permissions main_app_customuser__customuser_id_b28fdeb1_fk_main_app_; Type: FK CONSTRAINT; Schema: public; Owner: postgres
--

ALTER TABLE ONLY public.main_app_customuser_user_permissions
    ADD CONSTRAINT main_app_customuser__customuser_id_b28fdeb1_fk_main_app_ FOREIGN KEY (customuser_id) REFERENCES public.main_app_customuser(userid) DEFERRABLE INITIALLY DEFERRED;


--
-- Name: main_app_customuser_user_permissions main_app_customuser__permission_id_595e7ce3_fk_auth_perm; Type: FK CONSTRAINT; Schema: public; Owner: postgres
--

ALTER TABLE ONLY public.main_app_customuser_user_permissions
    ADD CONSTRAINT main_app_customuser__permission_id_595e7ce3_fk_auth_perm FOREIGN KEY (permission_id) REFERENCES public.auth_permission(id) DEFERRABLE INITIALLY DEFERRED;


--
-- Name: main_app_customuser_groups main_app_customuser_groups_group_id_9ee498f4_fk_auth_group_id; Type: FK CONSTRAINT; Schema: public; Owner: postgres
--

ALTER TABLE ONLY public.main_app_customuser_groups
    ADD CONSTRAINT main_app_customuser_groups_group_id_9ee498f4_fk_auth_group_id FOREIGN KEY (group_id) REFERENCES public.auth_group(id) DEFERRABLE INITIALLY DEFERRED;


--
-- Name: main_app_profile main_app_profile_user_id_e13adcb4_fk_main_app_customuser_userid; Type: FK CONSTRAINT; Schema: public; Owner: postgres
--

ALTER TABLE ONLY public.main_app_profile
    ADD CONSTRAINT main_app_profile_user_id_e13adcb4_fk_main_app_customuser_userid FOREIGN KEY (user_id) REFERENCES public.main_app_customuser(userid) DEFERRABLE INITIALLY DEFERRED;


--
-- PostgreSQL database dump complete
--

